fecha,nemo,razonsocial,preciocierre,variacionprecio,monto,cantidad,segmentacion,pertenececolcap,preciocolcap,variacioncolcap
Dec 30 2015,CELSIA,CELSIA S.A E.S.P,2800,-0.0088,91921075,32821,continua,SI,1153.71,0.004755062
Jan 04 2016,CELSIA,CELSIA S.A E.S.P,2800,0.0000 ,61653350,22016,continua,SI,1129.71,-0.020802455
Jan 05 2016,CELSIA,CELSIA S.A E.S.P,3000,0.0714 ,1033851505,350713,continua,SI,1142.4,0.011232971
Jan 06 2016,CELSIA,CELSIA S.A E.S.P,2960,-0.0133,460301775,153881,continua,SI,1129.32,-0.01144958
Jan 07 2016,CELSIA,CELSIA S.A E.S.P,3000,0.0135 ,2525314680,864147,continua,SI,1105.73,-0.020888676
Jan 08 2016,CELSIA,CELSIA S.A E.S.P,2970,-0.0100,27256200,9160,continua,SI,1098.32,-0.006701455
Jan 12 2016,CELSIA,CELSIA S.A E.S.P,2860,-0.0370,484841250,167611,continua,SI,1079.28,-0.017335567
Jan 13 2016,CELSIA,CELSIA S.A E.S.P,2990,0.0455 ,1149926985,383920,continua,SI,1096.68,0.016121859
Jan 14 2016,CELSIA,CELSIA S.A E.S.P,3035,0.0151 ,1045888195,346001,continua,SI,1128.65,0.029151621
Jan 15 2016,CELSIA,CELSIA S.A E.S.P,3005,-0.0099,505122365,167511,continua,SI,1103.26,-0.022495902
Jan 18 2016,CELSIA,CELSIA S.A E.S.P,3005,0.0000 ,640710290,213157,continua,SI,1078.69,-0.022270362
Jan 19 2016,CELSIA,CELSIA S.A E.S.P,3005,0.0000 ,24584650,8122,continua,SI,1100.3,0.020033559
Jan 20 2016,CELSIA,CELSIA S.A E.S.P,3030,0.0083 ,1270188550,422513,continua,SI,1109.33,0.008206853
Jan 21 2016,CELSIA,CELSIA S.A E.S.P,3055,0.0083 ,273396415,90073,continua,SI,1124.79,0.01393634
Jan 22 2016,CELSIA,CELSIA S.A E.S.P,3035,-0.0065,1354957345,441725,continua,SI,1151.62,0.023853342
Jan 25 2016,CELSIA,CELSIA S.A E.S.P,2970,-0.0214,1259822640,423446,continua,SI,1139.32,-0.010680606
Jan 26 2016,CELSIA,CELSIA S.A E.S.P,3070,0.0337 ,282237675,93010,continua,SI,1146.36,0.006179124
Jan 27 2016,CELSIA,CELSIA S.A E.S.P,3075,0.0016 ,140985760,45946,continua,SI,1153.46,0.006193517
Jan 28 2016,CELSIA,CELSIA S.A E.S.P,3090,0.0049 ,661825610,214039,continua,SI,1165.38,0.010334125
Jan 29 2016,CELSIA,CELSIA S.A E.S.P,3055,-0.0113,485355630,158354,continua,SI,1175.09,0.008332046
Feb 01 2016,CELSIA,CELSIA S.A E.S.P,3065,0.0033 ,168572760,55000,continua,SI,1180.72,0.004791122
Feb 02 2016,CELSIA,CELSIA S.A E.S.P,3030,-0.0114,210348530,69548,continua,SI,1165.77,-0.012661766
Feb 03 2016,CELSIA,CELSIA S.A E.S.P,3030,0.0000 ,327052150,108294,continua,SI,1180.66,0.012772674
Feb 04 2016,CELSIA,CELSIA S.A E.S.P,3165,0.0446 ,2570920965,834725,continua,SI,1188.73,0.00683516
Feb 05 2016,CELSIA,CELSIA S.A E.S.P,3300,0.0427 ,618416275,193619,continua,SI,1195.11,0.005367072
Feb 08 2016,CELSIA,CELSIA S.A E.S.P,3250,-0.0152,510833910,156791,continua,SI,1192.98,-0.001782263
Feb 09 2016,CELSIA,CELSIA S.A E.S.P,3335,0.0262 ,1414114225,431518,continua,SI,1196.9,0.003285889
Feb 10 2016,CELSIA,CELSIA S.A E.S.P,3390,0.0165 ,1395231865,410612,continua,SI,1200.42,0.002940931
Feb 11 2016,CELSIA,CELSIA S.A E.S.P,3395,0.0015 ,762562865,225075,continua,SI,1198.51,-0.00159111
Feb 12 2016,CELSIA,CELSIA S.A E.S.P,3435,0.0118 ,604629225,176403,continua,SI,1209.03,0.008777565
Feb 15 2016,CELSIA,CELSIA S.A E.S.P,3450,0.0044 ,57799700,16754,continua,SI,1209.88,0.000703043
Feb 16 2016,CELSIA,CELSIA S.A E.S.P,3400,-0.0145,4977435485,1434057,continua,SI,1199.98,-0.00818263
Feb 17 2016,CELSIA,CELSIA S.A E.S.P,3465,0.0191 ,1144355320,333216,continua,SI,1233.34,0.027800463
Feb 18 2016,CELSIA,CELSIA S.A E.S.P,3465,0.0000 ,591097150,168872,continua,SI,1235.89,0.002067556
Feb 19 2016,CELSIA,CELSIA S.A E.S.P,3495,0.0087 ,1998632470,577152,continua,SI,1234.93,-0.000776768
Feb 22 2016,CELSIA,CELSIA S.A E.S.P,3455,-0.0114,703491025,201889,continua,SI,1236.37,0.001166058
Feb 23 2016,CELSIA,CELSIA S.A E.S.P,3455,0.0000 ,351869460,101898,continua,SI,1229.65,-0.005435266
Feb 24 2016,CELSIA,CELSIA S.A E.S.P,3480,0.0072 ,2264891320,662833,continua,SI,1228.18,-0.001195462
Feb 25 2016,CELSIA,CELSIA S.A E.S.P,3650,0.0489 ,1344927295,374212,continua,SI,1240.13,0.009729844
Feb 26 2016,CELSIA,CELSIA S.A E.S.P,3700,0.0137 ,7628114160,2022635,continua,SI,1246.68,0.005281704
Feb 29 2016,CELSIA,CELSIA S.A E.S.P,3680,-0.0054,3402146930,921900,continua,SI,1244.17,-0.002013347
Mar 01 2016,CELSIA,CELSIA S.A E.S.P,3570,-0.0299,5607220295,1529612,continua,SI,1255.54,0.009138623
Mar 02 2016,CELSIA,CELSIA S.A E.S.P,3680,0.0308 ,2368268540,660617,continua,SI,1276.63,0.016797553
Mar 03 2016,CELSIA,CELSIA S.A E.S.P,3600,-0.0217,1941640005,540363,continua,SI,1295.43,0.014726272
Mar 04 2016,CELSIA,CELSIA S.A E.S.P,3600,0.0000 ,589042335,163889,continua,SI,1294.86,-0.000440008
Mar 07 2016,CELSIA,CELSIA S.A E.S.P,3625,0.0069 ,630533505,174508,continua,SI,1307.17,0.009506819
Mar 08 2016,CELSIA,CELSIA S.A E.S.P,3570,-0.0152,484319045,134723,continua,SI,1294.63,-0.009593243
Mar 09 2016,CELSIA,CELSIA S.A E.S.P,3520,-0.0140,446125310,125261,continua,SI,1296.27,0.001266771
Mar 10 2016,CELSIA,CELSIA S.A E.S.P,3495,-0.0071,1311109810,375372,continua,SI,1299.45,0.002453193
Mar 11 2016,CELSIA,CELSIA S.A E.S.P,3535,0.0114 ,654119760,186608,continua,SI,1302.71,0.002508754
Mar 14 2016,CELSIA,CELSIA S.A E.S.P,3615,0.0226 ,640866775,179193,continua,SI,1298.48,-0.003247077
Mar 15 2016,CELSIA,CELSIA S.A E.S.P,3670,0.0152 ,893867060,246269,continua,SI,1285.34,-0.010119524
Mar 16 2016,CELSIA,CELSIA S.A E.S.P,3590,-0.0218,854092200,238173,continua,SI,1284.4,-0.000731324
Mar 17 2016,CELSIA,CELSIA S.A E.S.P,3540,-0.0139,1421126530,397379,continua,SI,1295.89,0.008945811
Mar 18 2016,CELSIA,CELSIA S.A E.S.P,3510,-0.0085,21780013020,6227089,continua,SI,1309.81,0.010741652
Mar 22 2016,CELSIA,CELSIA S.A E.S.P,3650,0.0399 ,997549970,276370,continua,SI,1316.92,0.005428268
Mar 23 2016,CELSIA,CELSIA S.A E.S.P,3650,0.0000 ,1566551555,431525,continua,SI,1321.05,0.003136105
Mar 28 2016,CELSIA,CELSIA S.A E.S.P,3640,-0.0027,438668415,120254,continua,SI,1305.41,-0.011839067
Mar 29 2016,CELSIA,CELSIA S.A E.S.P,3600,-0.0110,592392525,163696,continua,SI,1299.65,-0.004412407
Mar 30 2016,CELSIA,CELSIA S.A E.S.P,3830,0.0639 ,4026960725,1080736,continua,SI,1319.77,0.015481091
Mar 31 2016,CELSIA,CELSIA S.A E.S.P,3890,0.0157 ,2749273740,709513,continua,SI,1336.27,0.012502178
Apr 01 2016,CELSIA,CELSIA S.A E.S.P,3870,-0.0051,1659553825,426729,continua,SI,1333.63,-0.001975649
Apr 04 2016,CELSIA,CELSIA S.A E.S.P,3900,0.0078 ,1193976875,306951,continua,SI,1337.58,0.002961841
Apr 05 2016,CELSIA,CELSIA S.A E.S.P,3900,0.0000 ,1031289970,265474,continua,SI,1313.19,-0.018234423
Apr 06 2016,CELSIA,CELSIA S.A E.S.P,3940,0.0103 ,3252425360,832108,continua,SI,1321.5,0.006328102
Apr 07 2016,CELSIA,CELSIA S.A E.S.P,3920,-0.0051,1349545110,344811,continua,SI,1316.11,-0.004078698
Apr 08 2016,CELSIA,CELSIA S.A E.S.P,3920,0.0000 ,1944119570,493792,continua,SI,1326.57,0.007947664
Apr 11 2016,CELSIA,CELSIA S.A E.S.P,3890,-0.0077,5578978755,1434684,continua,SI,1336.37,0.007387473
Apr 12 2016,CELSIA,CELSIA S.A E.S.P,3870,-0.0051,1462792725,381137,continua,SI,1364.13,0.02077269
Apr 13 2016,CELSIA,CELSIA S.A E.S.P,3915,0.0116 ,2545758055,651358,continua,SI,1370.62,0.004757611
Apr 14 2016,CELSIA,CELSIA S.A E.S.P,4000,0.0217 ,4002444995,1002965,continua,SI,1364.97,-0.004122222
Apr 15 2016,CELSIA,CELSIA S.A E.S.P,3960,-0.0100,575659485,145087,continua,SI,1355.2,-0.007157666
Apr 18 2016,CELSIA,CELSIA S.A E.S.P,3985,0.0063 ,943565715,236905,continua,SI,1354.76,-0.000324675
Apr 19 2016,CELSIA,CELSIA S.A E.S.P,4040,0.0138 ,1687674295,419968,continua,SI,1362.84,0.005964156
Apr 20 2016,CELSIA,CELSIA S.A E.S.P,4110,0.0173 ,1425781960,347660,continua,SI,1376.61,0.010103901
Apr 21 2016,CELSIA,CELSIA S.A E.S.P,4055,-0.0134,1385367130,338434,continua,SI,1375.95,-0.000479439
Apr 22 2016,CELSIA,CELSIA S.A E.S.P,3975,-0.0197,3099327245,773793,continua,SI,1374.41,-0.001119227
Apr 25 2016,CELSIA,CELSIA S.A E.S.P,3900,-0.0189,2052437355,525673,continua,SI,1359.25,-0.011030187
Apr 26 2016,CELSIA,CELSIA S.A E.S.P,4005,0.0269 ,668069760,167587,continua,SI,1365.2,0.004377414
Apr 27 2016,CELSIA,CELSIA S.A E.S.P,4000,-0.0012,1733655590,431733,continua,SI,1361.98,-0.002358629
Apr 28 2016,CELSIA,CELSIA S.A E.S.P,3960,-0.0100,3913261960,982934,continua,SI,1362.02,2.9369E-05
Apr 29 2016,CELSIA,CELSIA S.A E.S.P,3850,-0.0278,1042803300,268074,continua,SI,1342.42,-0.014390391
May 02 2016,CELSIA,CELSIA S.A E.S.P,4000,0.0390 ,202908570,51587,continua,SI,1342.5,5.95939E-05
May 03 2016,CELSIA,CELSIA S.A E.S.P,3850,-0.0375,1440377400,366740,continua,SI,1320.18,-0.016625698
May 04 2016,CELSIA,CELSIA S.A E.S.P,3800,-0.0130,4974153780,1311332,continua,SI,1311.83,-0.006324895
May 05 2016,CELSIA,CELSIA S.A E.S.P,3735,-0.0171,568293485,151165,continua,SI,1291.14,-0.015771861
May 06 2016,CELSIA,CELSIA S.A E.S.P,3825,0.0241 ,1346770700,351772,continua,SI,1293.03,0.001463823
May 10 2016,CELSIA,CELSIA S.A E.S.P,3925,0.0261 ,6719353585,1731332,continua,SI,1328.6,0.027509029
May 11 2016,CELSIA,CELSIA S.A E.S.P,3915,-0.0025,19057153960,4816460,continua,SI,1336.35,0.005833208
May 12 2016,CELSIA,CELSIA S.A E.S.P,3975,0.0153 ,3819161545,962846,continua,SI,1351.39,0.011254537
May 13 2016,CELSIA,CELSIA S.A E.S.P,3945,-0.0075,2793935445,706611,continua,SI,1350.36,-0.000762178
May 16 2016,CELSIA,CELSIA S.A E.S.P,3980,0.0089 ,1150240275,289959,continua,SI,1357.57,0.005339317
May 17 2016,CELSIA,CELSIA S.A E.S.P,3920,-0.0151,1450517550,366990,continua,SI,1343.88,-0.010084195
May 18 2016,CELSIA,CELSIA S.A E.S.P,3880,-0.0102,903003785,233429,continua,SI,1327.74,-0.012010001
May 19 2016,CELSIA,CELSIA S.A E.S.P,3820,-0.0155,498886450,130305,continua,SI,1323.21,-0.003411813
May 20 2016,CELSIA,CELSIA S.A E.S.P,3900,0.0209 ,268227710,69475,continua,SI,1322.44,-0.000581918
May 23 2016,CELSIA,CELSIA S.A E.S.P,3900,0.0000 ,268032270,69057,continua,SI,1325.36,0.00220804
May 24 2016,CELSIA,CELSIA S.A E.S.P,3870,-0.0077,989242590,254563,continua,SI,1319.44,-0.004466711
May 25 2016,CELSIA,CELSIA S.A E.S.P,3880,0.0026 ,5535728155,1447797,continua,SI,1306.65,-0.009693506
May 26 2016,CELSIA,CELSIA S.A E.S.P,3900,0.0052 ,1481190210,381062,continua,SI,1302.13,-0.003459228
May 27 2016,CELSIA,CELSIA S.A E.S.P,3895,-0.0013,417101470,107696,continua,SI,1302.36,0.000176634
May 31 2016,CELSIA,CELSIA S.A E.S.P,3850,-0.0116,1208762275,310378,continua,SI,1292.51,-0.007563193
Jun 01 2016,CELSIA,CELSIA S.A E.S.P,3865,0.0039 ,61615965,15867,continua,SI,1301.18,0.006707878
Jun 02 2016,CELSIA,CELSIA S.A E.S.P,3850,-0.0039,359308880,93298,continua,SI,1303,0.00139873
Jun 03 2016,CELSIA,CELSIA S.A E.S.P,3820,-0.0078,26152700,6830,continua,SI,1307.83,0.00370683
Jun 07 2016,CELSIA,CELSIA S.A E.S.P,3875,0.0144 ,251143315,64812,continua,SI,1315.86,0.006139942
Jun 08 2016,CELSIA,CELSIA S.A E.S.P,3840,-0.0090,453096480,116615,continua,SI,1333.46,0.013375283
Jun 09 2016,CELSIA,CELSIA S.A E.S.P,3925,0.0221 ,2122237915,549143,continua,SI,1333.48,1.49986E-05
Jun 10 2016,CELSIA,CELSIA S.A E.S.P,3920,-0.0013,362250915,92515,continua,SI,1320.48,-0.009748928
Jun 13 2016,CELSIA,CELSIA S.A E.S.P,3990,0.0179 ,516115615,131242,continua,SI,1315.23,-0.003975827
Jun 14 2016,CELSIA,CELSIA S.A E.S.P,3925,-0.0163,2013284860,515552,continua,SI,1303.33,-0.009047847
Jun 15 2016,CELSIA,CELSIA S.A E.S.P,3905,-0.0051,5268646180,1353721,continua,SI,1303.83,0.000383633
Jun 16 2016,CELSIA,CELSIA S.A E.S.P,3905,0.0000 ,235065850,60686,continua,SI,1307.77,0.003021866
Jun 17 2016,CELSIA,CELSIA S.A E.S.P,3900,-0.0013,250294900,64256,continua,SI,1308.41,0.000489383
Jun 20 2016,CELSIA,CELSIA S.A E.S.P,3930,0.0077 ,1290069940,330008,continua,SI,1316.2,0.005953791
Jun 21 2016,CELSIA,CELSIA S.A E.S.P,3935,0.0013 ,770380425,195855,continua,SI,1323.65,0.005660234
Jun 22 2016,CELSIA,CELSIA S.A E.S.P,3935,0.0000 ,629300445,160182,continua,SI,1326.25,0.001964265
Jun 23 2016,CELSIA,CELSIA S.A E.S.P,3935,0.0000 ,874125350,223022,continua,SI,1329.58,0.002510839
Jun 24 2016,CELSIA,CELSIA S.A E.S.P,3840,-0.0241,471981495,121286,continua,SI,1317.71,-0.008927631
Jun 27 2016,CELSIA,CELSIA S.A E.S.P,3840,0.0000 ,245529505,63636,continua,SI,1302.39,-0.01162623
Jun 28 2016,CELSIA,CELSIA S.A E.S.P,3840,0.0000 ,351018950,91290,continua,SI,1303.28,0.000683359
Jun 29 2016,CELSIA,CELSIA S.A E.S.P,3860,0.0052 ,110306900,28700,continua,SI,1311.52,0.006322509
Jun 30 2016,CELSIA,CELSIA S.A E.S.P,3850,-0.0026,81314420,21122,continua,SI,1313.18,0.001265707
Jul 01 2016,CELSIA,CELSIA S.A E.S.P,3860,0.0026 ,46587810,12096,continua,SI,1312.98,-0.000152302
Jul 05 2016,CELSIA,CELSIA S.A E.S.P,3820,-0.0104,82993850,21721,continua,SI,1303.46,-0.007250682
Jul 06 2016,CELSIA,CELSIA S.A E.S.P,3855,0.0092 ,204827135,53324,continua,SI,1310,0.005017415
Jul 07 2016,CELSIA,CELSIA S.A E.S.P,3850,-0.0013,538706090,140520,continua,SI,1301.76,-0.006290076
Jul 08 2016,CELSIA,CELSIA S.A E.S.P,3850,0.0000 ,4844950,1265,continua,SI,1297.64,-0.003164946
Jul 11 2016,CELSIA,CELSIA S.A E.S.P,3860,0.0026 ,573591185,149119,continua,SI,1306.76,0.007028143
Jul 12 2016,CELSIA,CELSIA S.A E.S.P,3915,0.0142 ,268789485,68756,continua,SI,1320.3,0.010361505
Jul 13 2016,CELSIA,CELSIA S.A E.S.P,3910,-0.0013,435923115,111840,continua,SI,1325.79,0.004158146
Jul 14 2016,CELSIA,CELSIA S.A E.S.P,3880,-0.0077,205103500,52470,continua,SI,1332.85,0.005325127
Jul 15 2016,CELSIA,CELSIA S.A E.S.P,3915,0.0090 ,237630955,60939,continua,SI,1339.6,0.005064336
Jul 18 2016,CELSIA,CELSIA S.A E.S.P,3885,-0.0077,256349800,65646,continua,SI,1339,-0.000447895
Jul 19 2016,CELSIA,CELSIA S.A E.S.P,3880,-0.0013,75989800,19585,continua,SI,1337.8,-0.000896191
Jul 21 2016,CELSIA,CELSIA S.A E.S.P,3880,0.0000 ,111312160,28683,continua,SI,1328.61,-0.006869487
Jul 22 2016,CELSIA,CELSIA S.A E.S.P,3885,0.0013 ,300714060,77402,continua,SI,1332.85,0.003191305
Jul 25 2016,CELSIA,CELSIA S.A E.S.P,3895,0.0026 ,585396435,152511,continua,SI,1323.41,-0.007082567
Jul 26 2016,CELSIA,CELSIA S.A E.S.P,3820,-0.0193,234952540,61315,continua,SI,1315.69,-0.005833415
Jul 27 2016,CELSIA,CELSIA S.A E.S.P,3820,0.0000 ,1103072980,287467,continua,SI,1321.65,0.004529942
Jul 28 2016,CELSIA,CELSIA S.A E.S.P,3820,0.0000 ,909152070,238262,continua,SI,1317.44,-0.003185412
Jul 29 2016,CELSIA,CELSIA S.A E.S.P,3765,-0.0144,1002848650,265543,continua,SI,1308.22,-0.006998421
Aug 01 2016,CELSIA,CELSIA S.A E.S.P,3800,0.0093 ,1556577370,410307,continua,SI,1306.02,-0.001681674
Aug 02 2016,CELSIA,CELSIA S.A E.S.P,3810,0.0026 ,972569785,256207,continua,SI,1303.35,-0.002044379
Aug 03 2016,CELSIA,CELSIA S.A E.S.P,3815,0.0013 ,616603670,161605,continua,SI,1304.62,0.000974412
Aug 04 2016,CELSIA,CELSIA S.A E.S.P,3800,-0.0039,1126933350,296518,continua,SI,1307.59,0.002276525
Aug 05 2016,CELSIA,CELSIA S.A E.S.P,3800,0.0000 ,479564100,126431,continua,SI,1309.48,0.001445407
Aug 08 2016,CELSIA,CELSIA S.A E.S.P,3800,0.0000 ,541602920,142554,continua,SI,1314.34,0.003711397
Aug 09 2016,CELSIA,CELSIA S.A E.S.P,3800,0.0000 ,342889295,90176,continua,SI,1323.93,0.007296438
Aug 10 2016,CELSIA,CELSIA S.A E.S.P,3830,0.0079 ,3104296715,816135,continua,SI,1322.33,-0.001208523
Aug 11 2016,CELSIA,CELSIA S.A E.S.P,3850,0.0052 ,197345120,51296,continua,SI,1327.89,0.004204699
Aug 12 2016,CELSIA,CELSIA S.A E.S.P,3880,0.0078 ,260879720,67462,continua,SI,1323.66,-0.003185505
Aug 16 2016,CELSIA,CELSIA S.A E.S.P,3915,0.0090 ,4686203805,1198310,continua,SI,1342.69,0.014376804
Aug 17 2016,CELSIA,CELSIA S.A E.S.P,3950,0.0089 ,4814409620,1222834,continua,SI,1348.89,0.004617596
Aug 18 2016,CELSIA,CELSIA S.A E.S.P,4040,0.0228 ,11010180125,2752749,continua,SI,1348.01,-0.000652388
Aug 19 2016,CELSIA,CELSIA S.A E.S.P,4000,-0.0099,2346468810,584821,continua,SI,1349.79,0.001320465
Aug 22 2016,CELSIA,CELSIA S.A E.S.P,4000,0.0000 ,860094500,215375,continua,SI,1349.21,-0.000429696
Aug 23 2016,CELSIA,CELSIA S.A E.S.P,4045,0.0113 ,4359750860,1079139,continua,SI,1358.62,0.006974452
Aug 24 2016,CELSIA,CELSIA S.A E.S.P,4050,0.0012 ,6099018390,1497397,continua,SI,1369.65,0.008118532
Aug 25 2016,CELSIA,CELSIA S.A E.S.P,4065,0.0037 ,930162755,228551,continua,SI,1370.82,0.000854233
Aug 26 2016,CELSIA,CELSIA S.A E.S.P,4065,0.0000 ,7018254495,1721138,continua,SI,1373.42,0.001896675
Aug 29 2016,CELSIA,CELSIA S.A E.S.P,4060,-0.0012,517958550,127510,continua,SI,1371.99,-0.001041196
Aug 30 2016,CELSIA,CELSIA S.A E.S.P,4000,-0.0148,1981113915,490129,continua,SI,1373.85,0.001355695
Aug 31 2016,CELSIA,CELSIA S.A E.S.P,4010,0.0025 ,5141496270,1271958,continua,SI,1380.18,0.00460749
Sep 01 2016,CELSIA,CELSIA S.A E.S.P,4010,0.0000 ,1114034430,277221,continua,SI,1379.41,-0.000557898
Sep 02 2016,CELSIA,CELSIA S.A E.S.P,4065,0.0137 ,571405550,140873,continua,SI,1394.38,0.010852466
Sep 05 2016,CELSIA,CELSIA S.A E.S.P,4040,-0.0062,240440475,59215,continua,SI,1397.92,0.002538763
Sep 06 2016,CELSIA,CELSIA S.A E.S.P,4085,0.0111 ,1721414500,420593,continua,SI,1402.83,0.003512361
Sep 07 2016,CELSIA,CELSIA S.A E.S.P,4100,0.0037 ,3948404680,964917,continua,SI,1417.57,0.010507332
Sep 08 2016,CELSIA,CELSIA S.A E.S.P,4155,0.0134 ,3583080475,862845,continua,SI,1416.16,-0.00099466
Sep 09 2016,CELSIA,CELSIA S.A E.S.P,4100,-0.0132,932677660,225590,continua,SI,1397.9,-0.012894023
Sep 12 2016,CELSIA,CELSIA S.A E.S.P,4100,0.0000 ,241387760,58971,continua,SI,1386.73,-0.007990557
Sep 13 2016,CELSIA,CELSIA S.A E.S.P,4020,-0.0195,1470185540,365174,continua,SI,1367.18,-0.014097914
Sep 14 2016,CELSIA,CELSIA S.A E.S.P,4065,0.0112 ,2040789725,504520,continua,SI,1373.22,0.004417853
Sep 15 2016,CELSIA,CELSIA S.A E.S.P,4035,-0.0074,623817965,154449,continua,SI,1373.44,0.000160207
Sep 16 2016,CELSIA,CELSIA S.A E.S.P,4180,0.0359 ,2957161625,717765,continua,SI,1354.63,-0.013695538
Sep 19 2016,CELSIA,CELSIA S.A E.S.P,4115,-0.0156,198287730,48249,continua,SI,1354.67,2.95284E-05
Sep 20 2016,CELSIA,CELSIA S.A E.S.P,4040,-0.0182,412574925,101537,continua,SI,1341.36,-0.009825271
Sep 21 2016,CELSIA,CELSIA S.A E.S.P,4040,0.0000 ,99108600,24408,continua,SI,1341.29,-5.21858E-05
Sep 22 2016,CELSIA,CELSIA S.A E.S.P,4065,0.0062 ,658669285,162302,continua,SI,1358.03,0.012480522
Sep 23 2016,CELSIA,CELSIA S.A E.S.P,4050,-0.0037,240721630,59157,continua,SI,1351.6,-0.0047348
Sep 26 2016,CELSIA,CELSIA S.A E.S.P,4080,0.0074 ,425239670,104819,continua,SI,1346.67,-0.003647529
Sep 27 2016,CELSIA,CELSIA S.A E.S.P,4030,-0.0123,452077400,111994,continua,SI,1333.85,-0.009519778
Sep 28 2016,CELSIA,CELSIA S.A E.S.P,4030,0.0000 ,48001850,11910,continua,SI,1354.98,0.015841361
Sep 29 2016,CELSIA,CELSIA S.A E.S.P,4010,-0.0050,189660815,47234,continua,SI,1345,-0.007365422
Sep 30 2016,CELSIA,CELSIA S.A E.S.P,3950,-0.0150,158973625,39831,continua,SI,1338.83,-0.004587361
Oct 03 2016,CELSIA,CELSIA S.A E.S.P,3980,0.0076 ,194448960,49361,continua,SI,1330.57,-0.006169566
Oct 04 2016,CELSIA,CELSIA S.A E.S.P,3995,0.0038 ,553870215,140206,continua,SI,1335.1,0.003404556
Oct 05 2016,CELSIA,CELSIA S.A E.S.P,3995,0.0000 ,154814500,38650,continua,SI,1341.33,0.004666317
Oct 06 2016,CELSIA,CELSIA S.A E.S.P,4000,0.0013 ,1632149730,408437,continua,SI,1343.44,0.001573066
Oct 07 2016,CELSIA,CELSIA S.A E.S.P,4005,0.0013 ,93785085,23417,continua,SI,1348.2,0.003543143
Oct 10 2016,CELSIA,CELSIA S.A E.S.P,4000,-0.0012,172537210,43118,continua,SI,1350.33,0.001579884
Oct 11 2016,CELSIA,CELSIA S.A E.S.P,4010,0.0025 ,87513055,21845,continua,SI,1358.07,0.005731932
Oct 12 2016,CELSIA,CELSIA S.A E.S.P,4045,0.0087 ,432600610,106891,continua,SI,1354.61,-0.002547733
Oct 13 2016,CELSIA,CELSIA S.A E.S.P,4060,0.0037 ,506991660,126211,continua,SI,1354.4,-0.000155026
Oct 14 2016,CELSIA,CELSIA S.A E.S.P,4060,0.0000 ,66141460,16291,continua,SI,1346.07,-0.006150325
Oct 18 2016,CELSIA,CELSIA S.A E.S.P,3990,-0.0172,1119308460,279255,continua,SI,1355.72,0.007169018
Oct 19 2016,CELSIA,CELSIA S.A E.S.P,4030,0.0100 ,2052216620,512021,continua,SI,1364.02,0.006122208
Oct 20 2016,CELSIA,CELSIA S.A E.S.P,4040,0.0025 ,518890360,129227,continua,SI,1361.15,-0.002104075
Oct 21 2016,CELSIA,CELSIA S.A E.S.P,4040,0.0000 ,70607400,17547,continua,SI,1362.97,0.001337105
Oct 24 2016,CELSIA,CELSIA S.A E.S.P,4030,-0.0025,83778245,20874,continua,SI,1359.2,-0.002766018
Oct 25 2016,CELSIA,CELSIA S.A E.S.P,4060,0.0074 ,966637855,238414,continua,SI,1356.98,-0.001633314
Oct 26 2016,CELSIA,CELSIA S.A E.S.P,4050,-0.0025,541398260,133946,continua,SI,1357.49,0.000375835
Oct 27 2016,CELSIA,CELSIA S.A E.S.P,4070,0.0049 ,938370605,231308,continua,SI,1359.7,0.001628005
Oct 28 2016,CELSIA,CELSIA S.A E.S.P,4060,-0.0025,36690800,9014,continua,SI,1360.96,0.000926675
Oct 31 2016,CELSIA,CELSIA S.A E.S.P,4055,-0.0012,702448705,173442,continua,SI,1365.53,0.003357924
Nov 01 2016,CELSIA,CELSIA S.A E.S.P,4065,0.0025 ,202035545,49745,continua,SI,1370.75,0.003822692
Nov 02 2016,CELSIA,CELSIA S.A E.S.P,4065,0.0000 ,2426323385,593807,continua,SI,1368.45,-0.001677914
Nov 03 2016,CELSIA,CELSIA S.A E.S.P,4015,-0.0123,2347534110,580522,continua,SI,1356.01,-0.009090577
Nov 04 2016,CELSIA,CELSIA S.A E.S.P,4010,-0.0012,525926105,131009,continua,SI,1345.66,-0.007632687
Nov 08 2016,CELSIA,CELSIA S.A E.S.P,4050,0.0100 ,52826430,13049,continua,SI,1354.91,0.00687395
Nov 09 2016,CELSIA,CELSIA S.A E.S.P,4050,0.0000 ,56440100,14045,continua,SI,1354.68,-0.000169753
Nov 10 2016,CELSIA,CELSIA S.A E.S.P,3895,-0.0383,1336199885,337899,continua,SI,1319.51,-0.025961851
Nov 11 2016,CELSIA,CELSIA S.A E.S.P,3925,0.0077 ,2029975785,522172,continua,SI,1299.03,-0.015520913
Nov 15 2016,CELSIA,CELSIA S.A E.S.P,3925,0.0000 ,176189550,44815,continua,SI,1297.07,-0.001508818
Nov 16 2016,CELSIA,CELSIA S.A E.S.P,3995,0.0178 ,350568880,88366,continua,SI,1300.09,0.002328325
Nov 17 2016,CELSIA,CELSIA S.A E.S.P,4040,0.0113 ,1909891980,472312,continua,SI,1305.81,0.004399695
Nov 18 2016,CELSIA,CELSIA S.A E.S.P,3970,-0.0173,812904140,202094,continua,SI,1307.44,0.001248267
Nov 21 2016,CELSIA,CELSIA S.A E.S.P,4050,0.0202 ,408735530,100715,continua,SI,1312.87,0.004153154
Nov 22 2016,CELSIA,CELSIA S.A E.S.P,4050,0.0000 ,387345155,96144,continua,SI,1307.21,-0.004311166
Nov 23 2016,CELSIA,CELSIA S.A E.S.P,4000,-0.0123,1136955315,284581,continua,SI,1308.87,0.00126988
Nov 24 2016,CELSIA,CELSIA S.A E.S.P,4020,0.0050 ,34084000,8491,continua,SI,1308.94,5.34812E-05
Nov 25 2016,CELSIA,CELSIA S.A E.S.P,3970,-0.0124,873660495,219719,continua,SI,1295.67,-0.010137974
Nov 28 2016,CELSIA,CELSIA S.A E.S.P,3940,-0.0076,952814985,241885,continua,SI,1289.97,-0.004399268
Nov 29 2016,CELSIA,CELSIA S.A E.S.P,3915,-0.0063,197616210,50171,continua,SI,1271.11,-0.014620495
Nov 30 2016,CELSIA,CELSIA S.A E.S.P,3900,-0.0038,1801003110,461255,continua,SI,1286.07,0.011769241
Dec 01 2016,CELSIA,CELSIA S.A E.S.P,3925,0.0064 ,152688165,38900,continua,SI,1297.33,0.008755355
Dec 02 2016,CELSIA,CELSIA S.A E.S.P,3970,0.0115 ,531889955,134748,continua,SI,1306.56,0.007114612
Dec 05 2016,CELSIA,CELSIA S.A E.S.P,3950,-0.0050,1052935440,264695,continua,SI,1314.74,0.006260715
