fecha,Cantidad,Nemotecnico,Volumen,Ultimo Precio,Variacion%
JUL 1 2016,"1,167,887.00",EXITO     ,"16,518,432,780.00","14,300.00",.70
JUL 1 2016,"7,047,493.00",ECOPETROL ,"9,870,627,920.00","1,405.00",.72
JUL 1 2016,"274,480.00",PFDAVVNDA ,"7,359,844,940.00","26,840.00",-.15
JUL 1 2016,"201,176.00",PFBCOLOM  ,"5,161,859,860.00","25,700.00",.86
JUL 1 2016,"235,873,661.00",BVC       ,"4,245,771,698.00",18.20,1.11
JUL 1 2016,"207,916.00",CLH       ,"2,628,280,720.00","12,580.00",-.16
JUL 1 2016,"151,682.00",CEMARGOS  ,"1,810,838,260.00","11,860.00",-.50
JUL 1 2016,"1,232,904.00",PFAVAL    ,"1,448,957,860.00","1,180.00",.00
JUL 1 2016,"52,635.00",BCOLOMBIA ,"1,261,100,280.00","24,000.00",.84
JUL 1 2016,"27,304.00",GRUPOSURA ,"1,039,667,300.00","37,940.00",-.94
JUL 1 2016,"35,714.00",NUTRESA   ,"896,126,540.00","25,100.00",.00
JUL 1 2016,"93,607.00",ISA       ,"833,398,410.00","8,920.00",-.22
JUL 1 2016,"64,125.00",PFCEMARGOS,"708,999,740.00","10,940.00",-.55
JUL 1 2016,"15,475.00",OCCIDENTE ,"564,837,500.00","36,500.00",.00
JUL 1 2016,"5,415.00",BOGOTA    ,"315,706,020.00","58,200.00",-.51
JUL 1 2016,"7,446.00",CORFICOLCF,"283,632,820.00","37,780.00",-1.00
JUL 1 2016,"13,881.00",GRUPOARGOS,"257,455,140.00","18,500.00",.00
JUL 1 2016,"97,566.00",PFAVH     ,"218,877,265.00","2,235.00",-.22
JUL 1 2016,"3,553.00",PFGRUPSURA,"132,363,480.00","37,140.00",-1.17
JUL 1 2016,"222,760.00",ETB       ,"129,851,440.00",587.00,.00
JUL 1 2016,"50,000.00",MINEROS   ,"125,000,000.00","2,500.00",2.46
JUL 1 2016,"30,357.00",PFCARPAK  ,"86,385,430.00","2,850.00",1.79
JUL 1 2016,"6,457.00",CNEC      ,"63,189,300.00","9,900.00",1.02
JUL 1 2016,"46,736.00",GRUPOAVAL ,"54,681,120.00","1,170.00",.86
JUL 1 2016,"29,502.00",EEB       ,"52,956,090.00","1,795.00",.56
JUL 1 2016,"12,096.00",CELSIA    ,"46,587,810.00","3,860.00",.26
JUL 1 2016,600.00,GRUBOLIVAR,"32,440,000.00","54,300.00",.00
JUL 1 2016,"25,977.00",CONCONCRET,"28,964,355.00","1,115.00",-.89
JUL 1 2016,"1,948,956.00",FABRICATO ,"28,722,785.00",14.70,-2.00
JUL 1 2016,"1,558.00",PFGRUPOARG,"27,853,620.00","17,640.00",-1.01
JUL 1 2016,"4,830.00",CARTON    ,"24,622,800.00","5,000.00",-8.76
JUL 1 2016,600.00,TITAN     ,"20,700,000.00","34,500.00",.00
JUL 1 2016,"2,000.00",ODINSA    ,"17,400,000.00","8,800.00",-2.22
JUL 1 2016,"7,030.00",ELCONDOR  ,"7,733,000.00","1,100.00",.92
JUL 1 2016,214.00,COLTEJER  ,"342,400.00","1,600.00",.00
JUL 11 2016,"1,536,276.00",EXITO     ,"21,489,401,920.00","14,000.00",.29
JUL 11 2016,"10,967,489.00",EEB       ,"19,738,804,320.00","1,800.00",.00
JUL 11 2016,"1,354,285.00",CLH       ,"16,339,698,460.00","12,200.00",2.69
JUL 11 2016,"575,569.00",PFBCOLOM  ,"14,802,395,260.00","25,780.00",.94
JUL 11 2016,"7,717,455.00",ECOPETROL ,"10,700,790,595.00","1,390.00",1.46
JUL 11 2016,"2,855,648.00",PFAVH     ,"6,815,410,940.00","2,345.00",2.85
JUL 11 2016,"158,051.00",GRUPOSURA ,"6,083,927,000.00","38,740.00",1.41
JUL 11 2016,"313,527.00",GRUPOARGOS,"5,890,162,580.00","18,800.00",.32
JUL 11 2016,"460,000.00",HCOLSEL   ,"5,549,470,000.00","12,067.00",.84
JUL 11 2016,"465,121.00",CEMARGOS  ,"5,502,936,660.00","11,880.00",.17
JUL 11 2016,"379,717.00",ICOLCAP   ,"5,063,361,379.00","13,345.00",.94
JUL 11 2016,"182,065.00",PFDAVVNDA ,"4,801,120,620.00","26,360.00",.23
JUL 11 2016,"167,584.00",NUTRESA   ,"4,221,796,840.00","25,280.00",1.61
JUL 11 2016,"3,373,581.00",PFAVAL    ,"3,937,823,445.00","1,170.00",.00
JUL 11 2016,"91,833.00",CORFICOLCF,"3,504,982,380.00","38,500.00",1.48
JUL 11 2016,"380,653.00",ISA       ,"3,416,188,730.00","9,100.00",1.68
JUL 11 2016,"84,875.00",PFGRUPSURA,"3,201,427,400.00","38,000.00",1.33
JUL 11 2016,"159,381.00",PFGRUPOARG,"2,848,465,720.00","18,000.00",1.12
JUL 11 2016,"203,245.00",PFCEMARGOS,"2,227,566,240.00","10,980.00",.18
JUL 11 2016,"52,667.00",BCOLOMBIA ,"1,261,559,160.00","24,000.00",2.04
JUL 11 2016,"112,835.00",CNEC      ,"1,141,106,980.00","10,160.00",4.21
JUL 11 2016,"68,756.00",CELSIA    ,"268,789,485.00","3,915.00",1.42
JUL 11 2016,"3,825.00",BOGOTA    ,"224,136,420.00","58,880.00",.65
JUL 11 2016,"95,822.00",GRUPOAVAL ,"111,406,170.00","1,165.00",-.43
JUL 11 2016,"62,400.00",CONCONCRET,"68,651,890.00","1,100.00",-.45
JUL 11 2016,"103,186.00",ETB       ,"60,630,052.00",584.00,-.85
JUL 11 2016,"3,042,184.00",BVC       ,"56,906,260.80",18.70,1.08
JUL 11 2016,"3,138,262.00",FABRICATO ,"46,925,372.20",15.00,.00
JUL 11 2016,"9,010.00",MINEROS   ,"22,662,310.00","2,510.00",.00
JUL 11 2016,"2,500.00",PFCARPAK  ,"7,000,000.00","2,865.00",.00
JUL 11 2016,565.00,PROMIGAS  ,"2,824,600.00","4,910.00",.00
JUL 11 2016,"10,000.00",ENKA      ,"116,000.00",11.50,.00
JUL 11 2016,11.00,COLTEJER  ,"13,915.00","1,600.00",.00
JUL 11 2016,28.00,VALOREM   ,"11,592.00",449.00,.00
JUL 11 2016,460.00,PAZRIO    ,"2,806.00",8.00,.00
JUL 12 2016,"4,929,613.00",PFDAVVNDA ,"131,100,526,600.00","26,620.00",.99
JUL 12 2016,"2,266,773.00",EXITO     ,"31,917,506,820.00","14,080.00",.57
JUL 12 2016,"11,460,450.00",ECOPETROL ,"15,969,246,660.00","1,395.00",.36
JUL 12 2016,"260,942.00",GRUPOSURA ,"10,210,434,860.00","39,220.00",1.24
JUL 12 2016,"361,105.00",PFBCOLOM  ,"9,300,201,900.00","25,780.00",.00
JUL 12 2016,"376,684.00",GRUPOARGOS,"7,095,449,960.00","18,860.00",.32
JUL 12 2016,"527,183.00",CEMARGOS  ,"6,247,818,840.00","11,840.00",-.34
JUL 12 2016,"146,741.00",CORFICOLCF,"5,633,378,760.00","38,420.00",-.21
JUL 12 2016,"1,008,213.00",PROMIGAS  ,"4,990,676,850.00","4,950.00",.81
JUL 12 2016,"402,868.00",CLH       ,"4,948,097,700.00","12,300.00",.82
JUL 12 2016,"121,838.00",PFGRUPSURA,"4,672,486,200.00","38,500.00",1.32
JUL 12 2016,"423,521.00",PFCEMARGOS,"4,657,947,400.00","11,020.00",.36
JUL 12 2016,"459,705.00",ISA       ,"4,195,384,470.00","9,170.00",.77
JUL 12 2016,"3,397,195.00",PFAVAL    ,"3,995,142,310.00","1,180.00",.85
JUL 12 2016,"114,551.00",NUTRESA   ,"2,896,868,860.00","25,320.00",.16
JUL 12 2016,"131,467.00",PFGRUPOARG,"2,362,588,400.00","18,160.00",.89
JUL 12 2016,"1,301,863.00",EEB       ,"2,341,180,860.00","1,800.00",.00
JUL 12 2016,"121,350.00",ICOLCAP   ,"1,626,807,550.00","13,410.00",.49
JUL 12 2016,"110,000.00",HCOLSEL   ,"1,335,400,000.00","12,140.00",.60
JUL 12 2016,"549,638.00",PFAVH     ,"1,306,333,030.00","2,380.00",1.49
JUL 12 2016,"34,043.00",BCOLOMBIA ,"815,354,640.00","24,000.00",.00
JUL 12 2016,"58,306.00",CNEC      ,"585,079,730.00","10,160.00",.00
JUL 12 2016,"111,840.00",CELSIA    ,"435,923,115.00","3,910.00",-.13
JUL 12 2016,"6,570.00",BOGOTA    ,"385,393,060.00","58,980.00",.17
JUL 12 2016,"1,850.00",GRUBOLIVAR,"99,900,000.00","54,000.00",.00
JUL 12 2016,"7,191,711.00",ENKA      ,"86,300,532.00",12.00,4.35
JUL 12 2016,"70,261.00",GRUPOAVAL ,"81,876,795.00","1,165.00",.00
JUL 12 2016,"7,127.00",TERPEL    ,"68,715,550.00","9,650.00",7.82
JUL 12 2016,"79,877.00",ETB       ,"46,871,153.00",590.00,1.03
JUL 12 2016,"25,000.00",ELCONDOR  ,"27,500,000.00","1,100.00",.46
JUL 12 2016,842.00,PFCORFICOL,"26,535,000.00","30,840.00",-5.11
JUL 12 2016,"1,200,000.00",FABRICATO ,"17,940,000.00",15.00,.00
JUL 12 2016,"2,528.00",CARTON    ,"13,625,920.00","5,390.00",7.80
JUL 12 2016,"700,541.00",BVC       ,"12,938,722.50",18.40,-1.60
JUL 12 2016,"4,780.00",MINEROS   ,"11,989,400.00","2,510.00",.00
JUL 12 2016,"10,090.00",CONCONCRET,"11,099,000.00","1,100.00",.00
JUL 12 2016,500.00,ODINSA    ,"4,250,000.00","8,500.00",.00
JUL 12 2016,944.00,PFCARPAK  ,"2,643,200.00","2,865.00",.00
JUL 12 2016,416.00,VALOREM   ,"174,274.00",449.00,.00
JUL 13 2016,"1,665,605.00",CLH       ,"19,680,523,460.00","11,880.00",-1.33
JUL 13 2016,"866,464.00",EXITO     ,"12,027,261,340.00","13,960.00",1.16
JUL 13 2016,"343,347.00",PFBCOLOM  ,"8,748,947,720.00","25,540.00",.87
JUL 13 2016,"470,000.00",HCOLSEL   ,"5,626,530,000.00","11,966.00",-.70
JUL 13 2016,"4,082,790.00",ECOPETROL ,"5,547,743,570.00","1,370.00",1.48
JUL 13 2016,"2,390,636.00",PFAVAL    ,"2,795,832,590.00","1,170.00",.00
JUL 13 2016,"53,580.00",GRUPOSURA ,"2,043,388,360.00","38,200.00",1.43
JUL 13 2016,"82,272.00",GRUPOARGOS,"1,538,248,360.00","18,740.00",.86
JUL 13 2016,"677,074.00",PFAVH     ,"1,537,148,130.00","2,280.00",3.64
JUL 13 2016,"37,690.00",PFGRUPSURA,"1,411,018,320.00","37,500.00",1.57
JUL 13 2016,"113,019.00",CEMARGOS  ,"1,340,745,220.00","11,860.00",.34
JUL 13 2016,"149,102.00",ISA       ,"1,326,947,970.00","8,950.00",1.70
JUL 13 2016,"34,765.00",CORFICOLCF,"1,316,398,940.00","37,940.00",.90
JUL 13 2016,"79,044.00",PFCEMARGOS,"865,371,540.00","10,960.00",.18
JUL 13 2016,"27,854.00",BCOLOMBIA ,"655,580,160.00","23,520.00",.09
JUL 13 2016,"24,197.00",PFDAVVNDA ,"636,597,880.00","26,300.00",-.38
JUL 13 2016,"149,119.00",CELSIA    ,"573,591,185.00","3,860.00",.26
JUL 13 2016,"4,699.00",BOGOTA    ,"274,918,300.00","58,500.00",-.75
JUL 13 2016,"25,520.00",CNEC      ,"251,486,400.00","9,750.00",-1.52
JUL 13 2016,"104,725.00",EEB       ,"186,942,805.00","1,800.00",1.12
JUL 13 2016,"7,089.00",NUTRESA   ,"176,192,380.00","24,880.00",.16
JUL 13 2016,"218,426.00",ETB       ,"127,612,911.00",589.00,.00
JUL 13 2016,"34,064.00",MINEROS   ,"89,500,695.00","2,510.00",-6.34
JUL 13 2016,"4,852.00",PFGRUPOARG,"86,171,080.00","17,800.00",-.11
JUL 13 2016,"6,512.00",TERPEL    ,"58,282,400.00","8,950.00",6.55
JUL 13 2016,"48,621.00",GRUPOAVAL ,"56,632,600.00","1,170.00",1.74
JUL 13 2016,"2,680,197.00",BVC       ,"49,471,258.90",18.50,-1.07
JUL 13 2016,"2,322.00",ICOLCAP   ,"30,697,430.00","13,220.50",.61
JUL 13 2016,"1,643,818.00",FABRICATO ,"24,628,506.40",15.00,2.04
JUL 13 2016,"7,547.00",PFCARPAK  ,"21,514,685.00","2,865.00",2.87
JUL 13 2016,"17,026.00",CONCONCRET,"18,524,805.00","1,105.00",1.38
JUL 13 2016,"1,000.00",ODINSA    ,"8,500,000.00","8,500.00",.00
JUL 13 2016,776.00,PROMIGAS  ,"3,810,160.00","4,910.00",.00
JUL 13 2016,625.00,PFVILLAS  ,"3,562,500.00","5,680.00",.00
JUL 13 2016,"8,915.00",BBVACOL   ,"2,407,050.00",270.00,.00
JUL 13 2016,64.00,PFVILLASCA,"204,800.00","2,700.00",.00
JUL 15 2016,"3,660,078.00",PFDAVVNDA ,"98,098,269,540.00","26,860.00",.90
JUL 15 2016,"803,120.00",PFBCOLOM  ,"20,753,997,480.00","25,860.00",.31
JUL 15 2016,"1,252,252.00",EXITO     ,"17,896,568,760.00","14,360.00",1.99
JUL 15 2016,"312,453.00",GRUPOSURA ,"12,256,208,380.00","39,380.00",.41
JUL 15 2016,"346,295.00",NUTRESA   ,"8,835,696,580.00","25,600.00",1.11
JUL 15 2016,"6,039,150.00",ECOPETROL ,"8,482,025,430.00","1,410.00",1.08
JUL 15 2016,"388,442.00",GRUPOARGOS,"7,383,525,160.00","19,080.00",1.17
JUL 15 2016,"658,024.00",ISA       ,"6,033,722,590.00","9,200.00",.33
JUL 15 2016,"5,129,803.00",PFAVAL    ,"6,024,525,620.00","1,175.00",-.42
JUL 15 2016,"485,344.00",CEMARGOS  ,"5,785,867,860.00","11,960.00",1.01
JUL 15 2016,"126,871.00",PFGRUPSURA,"4,873,793,340.00","38,500.00",.00
JUL 15 2016,"1,314,153.00",PFAVH     ,"3,163,743,040.00","2,410.00",1.26
JUL 15 2016,"79,661.00",CORFICOLCF,"3,064,286,660.00","38,500.00",.21
JUL 15 2016,"71,425.00",BCOLOMBIA ,"1,717,516,700.00","24,100.00",.42
JUL 15 2016,"93,004.00",PFGRUPOARG,"1,693,394,900.00","18,380.00",1.21
JUL 15 2016,"130,354.00",CNEC      ,"1,288,710,930.00","9,860.00",-2.95
JUL 15 2016,"100,000.00",HCOLSEL   ,"1,217,400,000.00","12,174.00",.28
JUL 15 2016,"102,161.00",PFCEMARGOS,"1,120,694,060.00","11,020.00",.00
JUL 15 2016,"70,000.00",ICOLCAP   ,"944,300,000.00","13,494.00",.63
JUL 15 2016,"56,957.00",CLH       ,"709,377,840.00","12,500.00",1.63
JUL 15 2016,"186,820.00",EEB       ,"336,238,450.00","1,800.00",.00
JUL 15 2016,"5,657.00",BOGOTA    ,"330,934,500.00","58,500.00",-.81
JUL 15 2016,"52,470.00",CELSIA    ,"205,103,500.00","3,880.00",-.77
JUL 15 2016,"310,360.00",ETB       ,"183,745,288.00",595.00,.85
JUL 15 2016,"145,255.00",GRUPOAVAL ,"169,824,385.00","1,165.00",.00
JUL 15 2016,"113,151.00",CONCONCRET,"124,612,760.00","1,100.00",.00
JUL 15 2016,"16,400.00",CARTON    ,"90,115,400.00","5,500.00",2.04
JUL 15 2016,"28,329.00",MINEROS   ,"71,197,855.00","2,505.00",-.20
JUL 15 2016,"1,896.00",OCCIDENTE ,"69,204,000.00","36,500.00",.00
JUL 15 2016,"1,000,722.00",BVC       ,"18,613,429.20",18.60,1.09
JUL 15 2016,"7,625.00",ELCONDOR  ,"8,387,500.00","1,100.00",.00
JUL 15 2016,"330,758.00",FABRICATO ,"4,928,294.20",15.00,.00
JUL 15 2016,"3,287.00",COLTEJER  ,"4,536,060.00","1,600.00",.00
JUL 15 2016,"9,465.00",VALOREM   ,"4,015,733.00",449.00,.00
JUL 15 2016,42.00,PFCORFICOL,"1,357,600.00","30,840.00",.00
JUL 15 2016,440.00,PAZRIO    ,"2,692.80",8.00,.00
JUL 17 2016,"2,375,621.00",PFDAVVNDA ,"63,807,843,880.00","26,860.00",.00
JUL 17 2016,"597,877.00",PFBCOLOM  ,"15,526,192,300.00","26,040.00",.70
JUL 17 2016,"919,473.00",EXITO     ,"13,275,453,320.00","14,480.00",.84
JUL 17 2016,"318,375.00",GRUPOSURA ,"12,594,264,280.00","39,680.00",.76
JUL 17 2016,"8,102,354.00",ECOPETROL ,"11,339,500,390.00","1,400.00",-.71
JUL 17 2016,"175,891.00",PFGRUPSURA,"6,824,466,040.00","38,860.00",.94
JUL 17 2016,"344,977.00",GRUPOARGOS,"6,657,169,720.00","19,500.00",2.20
JUL 17 2016,"246,240.00",NUTRESA   ,"6,323,679,960.00","25,760.00",.63
JUL 17 2016,"431,832.00",ICOLCAP   ,"5,854,570,793.00","13,560.00",.49
JUL 17 2016,"383,422.00",CEMARGOS  ,"4,572,061,400.00","11,960.00",.00
JUL 17 2016,"451,189.00",ISA       ,"4,143,779,840.00","9,180.00",-.22
JUL 17 2016,"300,000.00",HCOLSEL   ,"3,680,900,000.00","12,267.00",.76
JUL 17 2016,"279,642.00",CLH       ,"3,537,565,620.00","12,680.00",1.44
JUL 17 2016,"127,987.00",BCOLOMBIA ,"3,090,833,800.00","24,200.00",.41
JUL 17 2016,"78,525.00",CORFICOLCF,"3,040,041,420.00","38,800.00",.78
JUL 17 2016,"2,468,960.00",PFAVAL    ,"2,896,468,705.00","1,175.00",.00
JUL 17 2016,"753,366.00",PFAVH     ,"1,830,505,395.00","2,450.00",1.66
JUL 17 2016,"122,908.00",PFCEMARGOS,"1,352,923,160.00","11,060.00",.36
JUL 17 2016,"124,104.00",CNEC      ,"1,214,138,200.00","9,720.00",-1.42
JUL 17 2016,"48,270.00",PFGRUPOARG,"887,611,340.00","18,460.00",.44
JUL 17 2016,"340,000.00",EEB       ,"612,500,000.00","1,805.00",.28
JUL 17 2016,"7,465.00",BOGOTA    ,"437,269,100.00","58,600.00",.17
JUL 17 2016,"60,939.00",CELSIA    ,"237,630,955.00","3,915.00",.90
JUL 17 2016,"144,033.00",CONCONCRET,"158,630,300.00","1,100.00",.00
JUL 17 2016,"79,971.00",GRUPOAVAL ,"93,654,005.00","1,170.00",.43
JUL 17 2016,"121,770.00",ETB       ,"72,748,667.00",599.00,.67
JUL 17 2016,713.00,GRUBOLIVAR,"38,502,000.00","54,000.00",.00
JUL 17 2016,"20,880.00",COLTEJER  ,"33,408,000.00","1,600.00",.00
JUL 17 2016,"4,584.00",CARTON    ,"26,789,800.00","6,000.00",9.09
JUL 17 2016,"4,500.00",PROMIGAS  ,"22,095,000.00","4,910.00",-.81
JUL 17 2016,"18,735.00",ELCONDOR  ,"20,770,075.00","1,110.00",.91
JUL 17 2016,"6,571.00",MINEROS   ,"16,612,380.00","2,505.00",.00
JUL 17 2016,"1,066,619.00",FABRICATO ,"15,999,285.00",15.00,.00
JUL 17 2016,"324,760.00",BVC       ,"6,105,488.00",18.80,1.08
JUL 17 2016,500.00,ODINSA    ,"4,250,000.00","8,500.00",.00
JUL 17 2016,"1,342.00",BBVACOL   ,"362,340.00",270.00,.00
JUL 18 2016,"9,636,994.00",EXITO     ,"138,811,603,620.00","14,500.00",.28
JUL 18 2016,"18,459,800.00",ECOPETROL ,"25,618,442,090.00","1,390.00",-1.42
JUL 18 2016,"558,057.00",PFGRUPOARG,"10,357,544,640.00","18,560.00",.32
JUL 18 2016,"346,426.00",PFDAVVNDA ,"9,381,800,180.00","27,100.00",.37
JUL 18 2016,"358,542.00",PFBCOLOM  ,"9,312,713,960.00","25,960.00",-.08
JUL 18 2016,"451,522.00",GRUPOARGOS,"8,795,669,200.00","19,500.00",.10
JUL 18 2016,"207,683.00",GRUPOSURA ,"8,281,719,980.00","39,980.00",.45
JUL 18 2016,"793,373.00",ISA       ,"7,191,323,760.00","9,190.00",.66
JUL 18 2016,"255,717.00",NUTRESA   ,"6,556,055,460.00","25,500.00",-.78
JUL 18 2016,"164,728.00",PFGRUPSURA,"6,447,638,780.00","39,200.00",.51
JUL 18 2016,"413,773.00",CEMARGOS  ,"4,927,688,380.00","11,980.00",.34
JUL 18 2016,"3,980,059.00",PFAVAL    ,"4,658,965,635.00","1,170.00",-.85
JUL 18 2016,"324,216.00",PFCEMARGOS,"3,563,206,200.00","11,020.00",-.36
JUL 18 2016,"81,946.00",CORFICOLCF,"3,152,280,120.00","38,500.00",.42
JUL 18 2016,"136,235.00",CLH       ,"1,712,872,060.00","12,700.00",.79
JUL 18 2016,"69,467.00",BCOLOMBIA ,"1,669,559,700.00","24,000.00",-.25
JUL 18 2016,"113,493.00",ICOLCAP   ,"1,542,861,244.00","13,595.00",.41
JUL 18 2016,"271,862.00",ISAGEN    ,"1,072,559,285.00","4,450.00",8.67
JUL 18 2016,"94,348.00",CNEC      ,"897,255,250.00","9,450.00",-2.58
JUL 18 2016,"274,539.00",PFAVH     ,"661,286,500.00","2,395.00",-2.04
JUL 18 2016,"241,842.00",EEB       ,"432,477,120.00","1,805.00",.00
JUL 18 2016,"5,429.00",BOGOTA    ,"315,858,200.00","59,000.00",.68
JUL 18 2016,"205,244.00",ELCONDOR  ,"236,293,600.00","1,160.00",.87
JUL 18 2016,"182,664.00",ETB       ,"109,022,969.00",596.00,-.67
JUL 18 2016,"19,585.00",CELSIA    ,"75,989,800.00","3,880.00",-.13
JUL 18 2016,"1,535,714.00",BVC       ,"28,390,109.00",18.50,.00
JUL 18 2016,"95,513.00",BBVACOL   ,"25,788,510.00",270.00,-3.57
JUL 18 2016,"5,000.00",PROMIGAS  ,"24,550,000.00","4,910.00",.00
JUL 18 2016,"1,300,000.00",ENKA      ,"15,340,000.00",11.80,-1.67
JUL 18 2016,"12,987.00",CONCONCRET,"14,545,440.00","1,120.00",.90
JUL 18 2016,"4,717.00",PFCARPAK  ,"12,878,480.00","2,730.00",.00
JUL 18 2016,"2,000.00",CARTON    ,"12,000,000.00","6,000.00",.00
JUL 18 2016,"736,617.00",FABRICATO ,"11,049,255.00",15.00,.00
JUL 18 2016,"8,140.00",GRUPOAVAL ,"9,472,320.00","1,165.00",.00
JUL 18 2016,"61,000.00",PAZRIO    ,"445,300.00",8.00,.00
JUL 18 2016,700.00,ESTRA     ,"119,000.00",245.00,.00
JUL 20 2016,"1,314,289.00",EXITO     ,"19,094,234,200.00","14,460.00",-.14
JUL 20 2016,"381,969.00",PFBCOLOM  ,"9,892,662,080.00","25,980.00",-.23
JUL 20 2016,"185,019.00",GRUPOSURA ,"7,333,685,100.00","39,800.00",.30
JUL 20 2016,"249,886.00",PFDAVVNDA ,"6,734,465,680.00","27,000.00",.52
JUL 20 2016,"4,539,943.00",ECOPETROL ,"6,358,669,465.00","1,410.00",.71
JUL 20 2016,"202,935.00",NUTRESA   ,"5,222,702,020.00","25,700.00",-.23
JUL 20 2016,"251,516.00",GRUPOARGOS,"4,891,006,920.00","19,480.00",-.10
JUL 20 2016,"397,693.00",ISA       ,"3,638,892,460.00","9,130.00",-.54
JUL 20 2016,"3,096,207.00",PFAVAL    ,"3,636,072,850.00","1,180.00",.43
JUL 20 2016,"83,566.00",PFGRUPSURA,"3,251,011,840.00","39,000.00",.36
JUL 20 2016,"239,217.00",CLH       ,"3,040,440,440.00","12,600.00",-.63
JUL 20 2016,"259,600.00",PFCEMARGOS,"2,861,769,980.00","11,060.00",.00
JUL 20 2016,"200,000.00",ICOLCAP   ,"2,707,800,000.00","13,539.00",-.15
JUL 20 2016,"226,131.00",CEMARGOS  ,"2,696,285,020.00","11,940.00",-.17
JUL 20 2016,"49,263.00",CORFICOLCF,"1,889,417,560.00","38,340.00",-1.19
JUL 20 2016,"69,926.00",BCOLOMBIA ,"1,675,256,460.00","24,060.00",-.58
JUL 20 2016,"100,000.00",HCOLSEL   ,"1,232,000,000.00","12,320.00",.43
JUL 20 2016,"57,816.00",PFGRUPOARG,"1,068,904,460.00","18,500.00",.22
JUL 20 2016,"59,150.00",CNEC      ,"570,505,490.00","9,700.00",-.21
JUL 20 2016,"184,072.00",PFAVH     ,"450,109,785.00","2,445.00",-.20
JUL 20 2016,"202,358.00",EEB       ,"365,321,190.00","1,805.00",.00
JUL 20 2016,"65,646.00",CELSIA    ,"256,349,800.00","3,885.00",-.77
JUL 20 2016,"209,671.00",ELCONDOR  ,"239,613,245.00","1,150.00",3.60
JUL 20 2016,"3,242.00",TITAN     ,"113,470,000.00","35,000.00",1.45
JUL 20 2016,"182,152.00",ETB       ,"109,247,300.00",600.00,.17
JUL 20 2016,"75,308.00",CONCONCRET,"83,418,110.00","1,110.00",.91
JUL 20 2016,"7,000.00",TERPEL    ,"70,000,000.00","10,000.00",3.63
JUL 20 2016,"25,091.00",MINEROS   ,"63,623,575.00","2,560.00",2.20
JUL 20 2016,"3,053,946.00",BVC       ,"56,437,281.00",18.50,-1.60
JUL 20 2016,"47,003.00",GRUPOAVAL ,"54,903,395.00","1,165.00",-.43
JUL 20 2016,"21,113.00",COLTEJER  ,"33,780,800.00","1,600.00",.00
JUL 20 2016,"11,886.00",PFCARPAK  ,"32,439,350.00","2,730.00",-4.71
JUL 20 2016,360.00,GRUBOLIVAR,"19,540,800.00","54,280.00",.52
JUL 20 2016,"40,532.00",BBVACOL   ,"11,348,960.00",280.00,3.70
JUL 20 2016,"1,000.00",ODINSA    ,"8,520,000.00","8,520.00",.24
JUL 20 2016,"1,700.00",PROMIGAS  ,"8,347,000.00","4,910.00",.00
JUL 20 2016,106.00,BOGOTA    ,"6,134,320.00","58,600.00",.00
JUL 20 2016,247.00,VILLAS    ,"1,516,580.00","6,140.00",.00
JUL 21 2016,"2,458,033.00",EXITO     ,"35,642,697,800.00","14,500.00",.00
JUL 21 2016,"17,095,694.00",ECOPETROL ,"23,389,110,535.00","1,365.00",-1.80
JUL 21 2016,"7,903,417.00",PFAVAL    ,"9,238,381,790.00","1,170.00",.00
JUL 21 2016,"294,024.00",PFBCOLOM  ,"7,654,680,880.00","26,000.00",.15
JUL 21 2016,"413,283.00",PFGRUPOARG,"7,590,640,900.00","18,160.00",-2.16
JUL 21 2016,"129,724.00",GRUPOSURA ,"5,137,605,180.00","39,840.00",-.35
JUL 21 2016,"392,548.00",CEMARGOS  ,"4,634,098,400.00","11,700.00",-2.34
JUL 21 2016,"412,936.00",PFCEMARGOS,"4,538,866,440.00","10,900.00",-1.09
JUL 21 2016,"95,036.00",PFGRUPSURA,"3,688,715,500.00","39,000.00",-.51
JUL 21 2016,"90,413.00",PFDAVVNDA ,"2,451,814,560.00","27,020.00",-.30
JUL 21 2016,"111,937.00",GRUPOARGOS,"2,142,467,620.00","19,040.00",-2.36
JUL 21 2016,"87,913.00",BCOLOMBIA ,"2,124,128,040.00","24,120.00",.50
JUL 21 2016,"1,133,000.00",EEB       ,"2,039,335,000.00","1,795.00",-.55
JUL 21 2016,"145,022.00",CLH       ,"1,825,769,300.00","12,400.00",-2.36
JUL 21 2016,"41,682.00",CORFICOLCF,"1,588,938,680.00","37,980.00",-1.35
JUL 21 2016,"167,867.00",ISA       ,"1,529,294,630.00","9,100.00",-.98
JUL 21 2016,"55,354.00",NUTRESA   ,"1,410,223,000.00","25,680.00",.71
JUL 21 2016,"36,300.00",ICOLCAP   ,"491,502,000.00","13,540.00",-.40
JUL 21 2016,"48,569.00",CNEC      ,"464,782,830.00","9,490.00",.42
JUL 21 2016,"146,229.00",PFAVH     ,"353,065,525.00","2,395.00",.00
JUL 21 2016,"102,714.00",GRUPOAVAL ,"119,454,165.00","1,165.00",.00
JUL 21 2016,"28,683.00",CELSIA    ,"111,312,160.00","3,880.00",.00
JUL 21 2016,"186,285.00",ETB       ,"110,844,977.00",595.00,-.17
JUL 21 2016,"1,681.00",BOGOTA    ,"99,179,000.00","59,000.00",.00
JUL 21 2016,"2,064.00",OCCIDENTE ,"75,377,280.00","36,520.00",.05
JUL 21 2016,"1,688.00",PFCORFICOL,"54,792,480.00","32,460.00",5.25
JUL 21 2016,"43,800.00",CONCONCRET,"48,827,140.00","1,115.00",-.45
JUL 21 2016,"5,000.00",CARTON    ,"30,000,000.00","6,000.00",.00
JUL 21 2016,"6,082.00",ISAGEN    ,"24,373,365.00","4,450.00",.00
JUL 21 2016,"2,500.00",PROMIGAS  ,"12,275,000.00","4,910.00",.00
JUL 21 2016,200.00,GRUBOLIVAR,"10,856,000.00","54,280.00",.00
JUL 21 2016,"494,843.00",FABRICATO ,"7,422,645.00",15.00,.00
JUL 21 2016,"1,886.00",PFCARPAK  ,"4,946,320.00","2,730.00",.00
JUL 21 2016,"269,926.00",BVC       ,"4,912,653.20",18.50,.00
JUL 21 2016,"5,447.00",BBVACOL   ,"1,470,690.00",270.00,.00
JUL 21 2016,230.00,VALOREM   ,"96,140.00",449.00,.00
JUL 21 2016,12.00,VILLAS    ,"68,520.00","6,140.00",.00
JUL 24 2016,"15,268,743.00",PFAVAL    ,"18,055,317,610.00","1,195.00",2.14
JUL 24 2016,"7,035,962.00",ECOPETROL ,"9,566,332,190.00","1,360.00",-.37
JUL 24 2016,"216,305.00",GRUPOSURA ,"8,590,754,620.00","39,900.00",.15
JUL 24 2016,"299,598.00",PFBCOLOM  ,"7,805,660,360.00","26,160.00",.62
JUL 24 2016,"169,861.00",PFDAVVNDA ,"4,586,146,260.00","27,000.00",-.07
JUL 24 2016,"336,144.00",ICOLCAP   ,"4,533,572,370.00","13,473.50",-.49
JUL 24 2016,"110,052.00",PFGRUPSURA,"4,293,532,180.00","39,200.00",.51
JUL 24 2016,"343,652.00",CEMARGOS  ,"4,010,469,280.00","11,700.00",.00
JUL 24 2016,"230,977.00",EXITO     ,"3,359,714,900.00","14,560.00",.41
JUL 24 2016,"316,637.00",ISA       ,"2,893,725,910.00","9,190.00",.99
JUL 24 2016,"111,215.00",BCOLOMBIA ,"2,680,252,640.00","24,200.00",.33
JUL 24 2016,"131,027.00",GRUPOARGOS,"2,508,730,620.00","19,140.00",.53
JUL 24 2016,"51,818.00",CORFICOLCF,"1,967,070,820.00","37,980.00",.00
JUL 24 2016,"68,078.00",NUTRESA   ,"1,740,049,820.00","25,600.00",-.31
JUL 24 2016,"121,433.00",CLH       ,"1,501,757,960.00","12,400.00",.00
JUL 24 2016,"132,520.00",PFCEMARGOS,"1,442,186,260.00","10,980.00",.73
JUL 24 2016,"59,358.00",CNEC      ,"556,217,520.00","9,490.00",.00
JUL 24 2016,"392,781.00",GRUPOAVAL ,"463,669,535.00","1,195.00",2.58
JUL 24 2016,"6,929.00",BOGOTA    ,"405,346,500.00","58,500.00",-.85
JUL 24 2016,"77,402.00",CELSIA    ,"300,714,060.00","3,885.00",.13
JUL 24 2016,"15,000.00",TERPEL    ,"146,250,000.00","9,750.00",-2.50
JUL 24 2016,"38,769.00",PFAVH     ,"92,363,895.00","2,380.00",-.63
JUL 24 2016,"35,795.00",EEB       ,"64,206,100.00","1,790.00",-.28
JUL 24 2016,"3,080.00",PFGRUPOARG,"56,449,560.00","18,300.00",.77
JUL 24 2016,"5,169.00",MINEROS   ,"12,673,345.00","2,450.00",-4.30
JUL 24 2016,"8,296.00",CONCONCRET,"9,162,810.00","1,115.00",.00
JUL 24 2016,"1,000.00",ODINSA    ,"8,500,000.00","8,500.00",-.23
JUL 24 2016,"2,002.00",ISAGEN    ,"8,068,010.00","4,450.00",.00
JUL 24 2016,"5,200.00",ETB       ,"3,105,764.00",595.00,.00
JUL 24 2016,"162,380.00",BVC       ,"3,052,744.00",18.50,.00
JUL 24 2016,"9,527.00",BBVACOL   ,"2,572,290.00",270.00,.00
JUL 24 2016,36.00,GRUBOLIVAR,"1,954,080.00","54,280.00",.00
JUL 24 2016,22.00,PFCORFICOL,"682,000.00","32,460.00",.00
JUL 24 2016,223.00,COLTEJER  ,"356,800.00","1,600.00",.00
JUL 24 2016,39.00,VILLAS    ,"222,690.00","6,140.00",.00
JUL 24 2016,"1,804.00",PAZRIO    ,"12,628.00",8.00,.00
JUL 24 2016,500.00,ENKA      ,"5,800.00",11.80,.00
JUL 25 2016,"8,865,630.00",ECOPETROL ,"11,837,640,440.00","1,325.00",-1.12
JUL 25 2016,"910,015.00",CEMARGOS  ,"10,537,949,520.00","11,600.00",-.51
JUL 25 2016,"675,423.00",EXITO     ,"9,684,914,360.00","14,340.00",1.70
JUL 25 2016,"310,477.00",PFBCOLOM  ,"8,083,035,620.00","26,120.00",1.24
JUL 25 2016,"197,691.00",GRUPOSURA ,"7,675,591,220.00","39,060.00",.67
JUL 25 2016,"5,980,510.00",PFAVAL    ,"7,054,962,640.00","1,180.00",.85
JUL 25 2016,"181,621.00",PFGRUPSURA,"6,911,120,500.00","38,400.00",1.05
JUL 25 2016,"312,862.00",CLH       ,"3,921,980,080.00","12,540.00",3.13
JUL 25 2016,"111,288.00",NUTRESA   ,"2,858,639,900.00","25,580.00",.08
JUL 25 2016,"4,307,908.00",ETB       ,"2,583,649,840.00",602.00,1.01
JUL 25 2016,"122,826.00",GRUPOARGOS,"2,340,329,140.00","19,080.00",.95
JUL 25 2016,"59,297.00",CORFICOLCF,"2,250,688,680.00","37,960.00",-.11
JUL 25 2016,"195,308.00",ISA       ,"1,777,747,050.00","9,130.00",.33
JUL 25 2016,"71,225.00",BCOLOMBIA ,"1,716,478,200.00","24,100.00",.58
JUL 25 2016,"125,000.00",ICOLCAP   ,"1,675,725,000.00","13,407.00",.09
JUL 25 2016,"50,544.00",PFDAVVNDA ,"1,354,416,140.00","26,800.00",.75
JUL 25 2016,"287,467.00",CELSIA    ,"1,103,072,980.00","3,820.00",.00
JUL 25 2016,"38,108.00",PFGRUPOARG,"691,501,700.00","18,100.00",.33
JUL 25 2016,"70,623.00",CNEC      ,"661,228,150.00","9,320.00",-.85
JUL 25 2016,"223,176.00",MINEROS   ,"545,603,835.00","2,400.00",-2.04
JUL 25 2016,"8,006.00",BOGOTA    ,"468,677,500.00","58,520.00",.03
JUL 25 2016,"42,766.00",PFCEMARGOS,"460,059,900.00","10,760.00",-.92
JUL 25 2016,"205,678.00",EEB       ,"375,464,080.00","1,830.00",-.27
JUL 25 2016,"134,726.00",PFAVH     ,"319,032,990.00","2,395.00",2.35
JUL 25 2016,"68,170.00",ISAGEN    ,"273,689,020.00","4,015.00",.00
JUL 25 2016,"6,726.00",PFCORFICOL,"218,295,780.00","32,400.00",.00
JUL 25 2016,"5,887.00",OCCIDENTE ,"214,918,900.00","36,500.00",-.05
JUL 25 2016,"3,843.00",GRUBOLIVAR,"204,054,000.00","53,100.00",-.75
JUL 25 2016,"14,132.00",TERPEL    ,"137,777,680.00","9,740.00",.93
JUL 25 2016,"107,138.00",CONCONCRET,"117,695,065.00","1,095.00",-.45
JUL 25 2016,"64,071.00",GRUPOAVAL ,"75,265,040.00","1,175.00",.43
JUL 25 2016,"2,129,500.00",ENKA      ,"25,128,100.00",11.80,.00
JUL 25 2016,"849,342.00",BVC       ,"15,260,764.20",18.00,.00
JUL 25 2016,"2,017.00",CARTON    ,"12,081,830.00","5,990.00",-.17
JUL 25 2016,"10,305.00",ELCONDOR  ,"11,907,560.00","1,155.00",.00
JUL 25 2016,"40,261.00",BBVACOL   ,"10,708,658.00",263.00,-2.59
JUL 25 2016,125.00,ODINSA    ,"1,062,500.00","8,780.00",.00
JUL 25 2016,87.00,VILLAS    ,"522,000.00","6,140.00",.00
JUL 26 2016,"8,852,642.00",ECOPETROL ,"11,541,868,700.00","1,295.00",-2.26
JUL 26 2016,"643,104.00",CEMARGOS  ,"7,436,809,860.00","11,660.00",.52
JUL 26 2016,"405,228.00",EXITO     ,"5,677,800,820.00","13,980.00",-2.51
JUL 26 2016,"4,232,696.00",PFAVAL    ,"4,983,815,215.00","1,180.00",.00
JUL 26 2016,"121,343.00",GRUPOSURA ,"4,726,104,120.00","38,980.00",-.20
JUL 26 2016,"170,478.00",PFBCOLOM  ,"4,427,910,340.00","26,000.00",-.46
JUL 26 2016,"157,348.00",NUTRESA   ,"4,024,041,800.00","25,520.00",-.23
JUL 26 2016,"297,938.00",PFCEMARGOS,"3,194,690,300.00","10,740.00",-.19
JUL 26 2016,"72,613.00",CORFICOLCF,"2,761,673,940.00","38,180.00",.58
JUL 26 2016,"92,374.00",PFDAVVNDA ,"2,482,229,780.00","26,980.00",.67
JUL 26 2016,"46,768.00",PFGRUPSURA,"1,790,624,600.00","38,400.00",.00
JUL 26 2016,"81,344.00",GRUPOARGOS,"1,546,019,740.00","19,020.00",-.31
JUL 26 2016,"107,500.00",ICOLCAP   ,"1,437,580,000.00","13,375.00",-.24
JUL 26 2016,"139,466.00",ISA       ,"1,272,880,060.00","9,150.00",.22
JUL 26 2016,"51,042.00",BCOLOMBIA ,"1,230,096,740.00","24,140.00",.17
JUL 26 2016,"488,478.00",PFAVH     ,"1,161,368,630.00","2,360.00",-1.46
JUL 26 2016,"595,416.00",EEB       ,"1,087,260,900.00","1,820.00",-.55
JUL 26 2016,"85,232.00",CLH       ,"1,065,950,240.00","12,500.00",-.32
JUL 26 2016,"238,262.00",CELSIA    ,"909,152,070.00","3,820.00",.00
JUL 26 2016,"15,102.00",GRUBOLIVAR,"800,961,600.00","52,800.00",-.56
JUL 26 2016,"11,118.00",BOGOTA    ,"650,551,320.00","58,500.00",-.03
JUL 26 2016,"774,466.00",ETB       ,"464,646,220.00",600.00,-.33
JUL 26 2016,"37,744.00",CNEC      ,"354,361,960.00","9,440.00",1.29
JUL 26 2016,"8,999.00",PFGRUPOARG,"162,897,120.00","18,120.00",.11
JUL 26 2016,"96,245.00",ELCONDOR  ,"111,597,745.00","1,165.00",.87
JUL 26 2016,"5,812,094.00",BVC       ,"106,901,243.60",18.40,2.22
JUL 26 2016,"64,609.00",CONCONCRET,"70,976,900.00","1,100.00",.46
JUL 26 2016,"28,060.00",MINEROS   ,"67,377,000.00","2,400.00",.00
JUL 26 2016,"31,628.00",GRUPOAVAL ,"37,027,960.00","1,175.00",.00
JUL 26 2016,"7,820.00",ISAGEN    ,"31,617,470.00","4,050.00",.87
JUL 26 2016,"2,652,000.00",ENKA      ,"31,173,600.00",11.80,.00
JUL 26 2016,398.00,COLTEJER  ,"477,600.00","1,600.00",.00
JUL 28 2016,"260,735.00",GRUPOSURA ,"10,352,969,740.00","39,700.00",-.50
JUL 28 2016,"7,636,555.00",ECOPETROL ,"10,247,536,880.00","1,335.00",-1.84
JUL 28 2016,"5,150,711.00",PFAVAL    ,"6,081,214,350.00","1,175.00",-1.67
JUL 28 2016,"229,596.00",PFBCOLOM  ,"5,935,928,460.00","25,860.00",-1.15
JUL 28 2016,"416,082.00",CEMARGOS  ,"4,878,974,000.00","11,780.00",.68
JUL 28 2016,"315,732.00",EXITO     ,"4,587,772,140.00","14,480.00",-.55
JUL 28 2016,"418,979.00",ISA       ,"3,824,079,430.00","9,120.00",-.76
JUL 28 2016,"135,227.00",NUTRESA   ,"3,451,849,040.00","25,520.00",-.31
JUL 28 2016,"264,537.00",CLH       ,"3,248,084,000.00","12,300.00",-.81
JUL 28 2016,"59,122.00",PFGRUPSURA,"2,300,816,860.00","39,000.00",-.51
JUL 28 2016,"1,059,777.00",EEB       ,"1,924,694,755.00","1,820.00",1.68
JUL 28 2016,"150,000.00",HCOLSEL   ,"1,827,000,000.00","12,180.00",-1.14
JUL 28 2016,"57,447.00",PFDAVVNDA ,"1,546,627,860.00","27,060.00",.22
JUL 28 2016,"40,220.00",CORFICOLCF,"1,525,031,440.00","38,000.00",.05
JUL 28 2016,"636,895.00",PFAVH     ,"1,487,199,120.00","2,340.00",-1.68
JUL 28 2016,"75,462.00",GRUPOARGOS,"1,428,902,940.00","18,900.00",-1.25
JUL 28 2016,"51,379.00",BCOLOMBIA ,"1,228,841,440.00","23,820.00",-1.57
JUL 28 2016,"100,768.00",PFCEMARGOS,"1,097,108,460.00","10,980.00",.00
JUL 28 2016,"77,820.00",CNEC      ,"705,165,830.00","9,080.00",-4.32
JUL 28 2016,"152,511.00",CELSIA    ,"585,396,435.00","3,895.00",.26
JUL 28 2016,"21,372.00",PFGRUPOARG,"385,769,400.00","18,120.00",-.98
JUL 28 2016,"242,559.00",ELCONDOR  ,"279,352,995.00","1,155.00",-.43
JUL 28 2016,"4,033.00",BOGOTA    ,"236,274,300.00","58,500.00",.00
JUL 28 2016,"169,129.00",CONCONCRET,"188,222,465.00","1,115.00",.00
JUL 28 2016,"6,320.00",ICOLCAP   ,"84,846,000.00","13,425.00",-.36
JUL 28 2016,"62,551.00",GRUPOAVAL ,"74,008,045.00","1,175.00",-1.67
JUL 28 2016,"4,866,961.00",FABRICATO ,"71,714,899.00",14.60,-2.67
JUL 28 2016,"103,423.00",ETB       ,"61,536,685.00",595.00,.00
JUL 28 2016,"12,248.00",ISAGEN    ,"50,679,540.00","4,260.00",-4.27
JUL 28 2016,"1,617,976.00",BVC       ,"29,770,758.40",18.40,-.54
JUL 28 2016,"8,650.00",MINEROS   ,"21,095,600.00","2,450.00",.00
JUL 28 2016,"8,501.00",COLTEJER  ,"13,601,600.00","1,600.00",.00
JUL 28 2016,"4,716.00",PFCARPAK  ,"12,324,390.00","2,605.00",-4.58
JUL 28 2016,765.00,TERPEL    ,"7,382,250.00","9,650.00",-1.03
JUL 28 2016,"12,470.00",VALOREM   ,"5,590,102.00",449.00,.00
JUL 28 2016,972.00,PROMIGAS  ,"4,772,520.00","4,910.00",.00
JUL 28 2016,80.00,PFCORFICOL,"2,592,000.00","32,460.00",.00
JUL 29 2016,"767,129.00",EXITO     ,"10,947,944,440.00","14,100.00",-2.62
JUL 29 2016,"372,455.00",PFBCOLOM  ,"9,636,156,840.00","25,800.00",-.23
JUL 29 2016,"245,300.00",GRUPOSURA ,"9,567,488,300.00","38,800.00",-2.27
JUL 29 2016,"5,957,306.00",ECOPETROL ,"8,003,276,890.00","1,340.00",.37
JUL 29 2016,"243,740.00",PFDAVVNDA ,"6,496,308,120.00","26,600.00",-1.70
JUL 29 2016,"411,336.00",CEMARGOS  ,"4,799,612,260.00","11,660.00",-1.02
JUL 29 2016,"204,673.00",PFGRUPOARG,"3,682,802,160.00","18,040.00",-.44
JUL 29 2016,"295,182.00",CLH       ,"3,617,448,540.00","12,160.00",-1.14
JUL 29 2016,"75,712.00",PFGRUPSURA,"2,901,873,060.00","38,000.00",-2.56
JUL 29 2016,"293,125.00",ISA       ,"2,675,721,040.00","9,100.00",-.22
JUL 29 2016,"60,306.00",CORFICOLCF,"2,293,432,400.00","38,000.00",.00
JUL 29 2016,"93,597.00",BCOLOMBIA ,"2,249,247,140.00","23,960.00",.59
JUL 29 2016,"84,200.00",NUTRESA   ,"2,148,441,620.00","25,560.00",.16
JUL 29 2016,"1,011,706.00",EEB       ,"1,846,370,760.00","1,835.00",.82
JUL 29 2016,"162,321.00",PFCEMARGOS,"1,763,449,000.00","10,860.00",-1.09
JUL 29 2016,"1,483,169.00",PFAVAL    ,"1,739,733,535.00","1,170.00",-.43
JUL 29 2016,"100,000.00",HCOLSEL   ,"1,211,200,000.00","12,112.00",-.56
JUL 29 2016,"924,293.00",CONCONCRET,"1,016,722,300.00","1,100.00",-1.35
JUL 29 2016,"43,646.00",GRUPOARGOS,"823,822,800.00","18,900.00",.00
JUL 29 2016,"45,510.00",ICOLCAP   ,"610,031,750.00","13,395.00",-.22
JUL 29 2016,"64,128.00",CNEC      ,"597,964,350.00","9,400.00",3.52
JUL 29 2016,"175,466.00",PFAVH     ,"409,917,325.00","2,340.00",.00
JUL 29 2016,"61,315.00",CELSIA    ,"234,952,540.00","3,820.00",-1.93
JUL 29 2016,"41,320.00",ISAGEN    ,"165,684,885.00","4,015.00",-5.75
JUL 29 2016,"150,469.00",ETB       ,"89,415,050.00",596.00,.17
JUL 29 2016,868.00,BOGOTA    ,"50,790,500.00","58,500.00",.00
JUL 29 2016,"2,385,500.00",BVC       ,"42,967,550.00",18.00,-2.17
JUL 29 2016,"2,798,399.00",FABRICATO ,"41,324,625.40",14.70,.68
JUL 29 2016,"15,500.00",PFCARPAK  ,"40,570,000.00","2,620.00",.58
JUL 29 2016,"3,308.00",TERPEL    ,"31,922,200.00","9,650.00",.00
JUL 29 2016,405.00,GRUBOLIVAR,"21,667,500.00","53,500.00",-1.44
JUL 29 2016,"17,033.00",GRUPOAVAL ,"19,897,485.00","1,170.00",-.43
JUL 29 2016,579.00,PFCORFICOL,"18,759,600.00","32,400.00",-.18
JUL 29 2016,"2,000.00",ODINSA    ,"17,280,000.00","8,780.00",3.29
JUL 29 2016,"870,000.00",ENKA      ,"10,266,000.00",11.80,.00
JUL 29 2016,"498,196.00",PAZRIO    ,"3,985,568.00",8.00,.00
JUL 29 2016,"1,627.00",MINEROS   ,"3,953,610.00","2,450.00",.00
JUL 31 2016,"1,412,571.00",PFBCOLOM  ,"37,090,467,980.00","26,300.00",1.15
JUL 31 2016,"570,147.00",GRUPOSURA ,"21,869,850,400.00","38,320.00",-1.69
JUL 31 2016,"13,310,145.00",ECOPETROL ,"17,319,258,655.00","1,300.00",.39
JUL 31 2016,"9,254,753.00",EEB       ,"16,785,409,470.00","1,810.00",-.55
JUL 31 2016,"13,063,667.00",PFAVAL    ,"15,376,677,120.00","1,170.00",-.85
JUL 31 2016,"1,501,274.00",ISA       ,"13,657,286,740.00","9,090.00",-.66
JUL 31 2016,"921,422.00",EXITO     ,"12,902,068,060.00","14,000.00",.14
JUL 31 2016,"489,710.00",BCOLOMBIA ,"11,885,020,300.00","24,300.00",.66
JUL 31 2016,"1,031,256.00",CEMARGOS  ,"11,877,050,680.00","11,500.00",-1.37
JUL 31 2016,"441,194.00",NUTRESA   ,"11,203,083,440.00","25,220.00",-1.18
JUL 31 2016,"595,296.00",GRUPOARGOS,"11,050,698,840.00","18,500.00",-2.73
JUL 31 2016,"240,997.00",CORFICOLCF,"9,232,530,800.00","38,380.00",.52
JUL 31 2016,"279,411.00",PFDAVVNDA ,"7,568,375,480.00","27,000.00",.07
JUL 31 2016,"753,340.00",CNEC      ,"7,042,745,480.00","9,290.00",-1.59
JUL 31 2016,"339,856.00",PFGRUPOARG,"6,053,593,080.00","17,700.00",-2.32
JUL 31 2016,"137,778.00",PFGRUPSURA,"5,190,529,700.00","37,520.00",-2.29
JUL 31 2016,"487,477.00",PFCEMARGOS,"5,189,898,080.00","10,560.00",-1.68
JUL 31 2016,"379,790.00",CLH       ,"4,728,565,220.00","12,400.00",-.80
JUL 31 2016,"260,000.00",ICOLCAP   ,"3,450,800,000.00","13,272.00",-.77
JUL 31 2016,"47,667.00",BOGOTA    ,"2,779,042,320.00","58,300.00",-.34
JUL 31 2016,"100,000.00",HCOLSEL   ,"1,200,000,000.00","12,000.00",-.92
JUL 31 2016,"442,920.00",PFAVH     ,"1,024,380,640.00","2,305.00",-2.33
JUL 31 2016,"265,543.00",CELSIA    ,"1,002,848,650.00","3,765.00",-1.44
JUL 31 2016,"728,908.00",GRUPOAVAL ,"850,922,795.00","1,165.00",-.85
JUL 31 2016,"34,208,340.00",BVC       ,"631,043,593.10",18.00,-2.17
JUL 31 2016,"9,470.00",GRUBOLIVAR,"499,056,000.00","52,520.00",-.53
JUL 31 2016,"770,705.00",ETB       ,"462,232,360.00",600.00,.00
JUL 31 2016,"112,969.00",ELCONDOR  ,"132,715,230.00","1,180.00",1.29
JUL 31 2016,"113,166.00",CONCONCRET,"123,571,425.00","1,090.00",-.91
JUL 31 2016,"138,330.00",VALOREM   ,"62,448,500.00",454.00,1.11
JUL 31 2016,"10,000.00",PROMIGAS  ,"45,000,000.00","4,500.00",-8.35
JUL 31 2016,"1,353.00",PFCORFICOL,"43,837,200.00","32,400.00",.00
JUL 31 2016,"8,320.00",ISAGEN    ,"33,885,220.00","4,110.00",1.48
JUL 31 2016,"10,800.00",PFCARPAK  ,"29,616,000.00","2,720.00",3.82
JUL 31 2016,"3,733.00",CARTON    ,"22,360,670.00","5,990.00",.00
JUL 31 2016,560.00,OCCIDENTE ,"20,440,000.00","36,500.00",.00
JUL 31 2016,10.00,BMC       ,"8,200.00",841.00,.00
JUL 5 2016,"7,415,475.00",ECOPETROL ,"10,195,647,060.00","1,370.00",-2.49
JUL 5 2016,"223,499.00",PFBCOLOM  ,"5,668,161,640.00","25,400.00",-1.17
JUL 5 2016,"443,250.00",CEMARGOS  ,"5,204,394,780.00","11,700.00",-1.35
JUL 5 2016,"331,492.00",EXITO     ,"4,649,850,380.00","14,000.00",-2.10
JUL 5 2016,"223,958.00",PFCEMARGOS,"2,415,972,400.00","11,000.00",.55
JUL 5 2016,"56,368.00",GRUPOSURA ,"2,145,782,540.00","38,080.00",.37
JUL 5 2016,"923,795.00",PFAVH     ,"2,041,982,415.00","2,240.00",.22
JUL 5 2016,"1,303,751.00",PFAVAL    ,"1,526,727,815.00","1,165.00",-1.27
JUL 5 2016,"90,747.00",ICOLCAP   ,"1,201,940,847.00","13,250.00",-.38
JUL 5 2016,"30,995.00",PFGRUPSURA,"1,152,886,100.00","37,120.00",-.05
JUL 5 2016,"59,471.00",GRUPOARGOS,"1,103,969,820.00","18,500.00",.00
JUL 5 2016,"115,902.00",ISA       ,"1,035,521,220.00","8,920.00",.00
JUL 5 2016,"97,282.00",CNEC      ,"977,611,940.00","10,160.00",2.63
JUL 5 2016,"35,098.00",BCOLOMBIA ,"828,234,180.00","23,600.00",-1.67
JUL 5 2016,"19,794.00",CORFICOLCF,"748,413,940.00","37,680.00",-.26
JUL 5 2016,"51,557.00",CLH       ,"648,368,040.00","12,500.00",-.64
JUL 5 2016,"18,739.00",NUTRESA   ,"466,252,180.00","24,840.00",-1.04
JUL 5 2016,"22,144.00",PFGRUPOARG,"395,132,200.00","17,900.00",1.47
JUL 5 2016,"11,398.00",PFDAVVNDA ,"304,498,640.00","26,720.00",-.45
JUL 5 2016,"4,279.00",BOGOTA    ,"248,189,060.00","57,980.00",-.38
JUL 5 2016,"130,403.00",EEB       ,"232,769,355.00","1,785.00",-.56
JUL 5 2016,"60,143.00",MINEROS   ,"149,561,785.00","2,495.00",-.20
JUL 5 2016,"21,721.00",CELSIA    ,"82,993,850.00","3,820.00",-1.04
JUL 5 2016,"69,013.00",CONCONCRET,"75,900,810.00","1,095.00",-1.79
JUL 5 2016,"35,941.00",GRUPOAVAL ,"41,544,905.00","1,155.00",-1.28
JUL 5 2016,"40,921.00",ETB       ,"23,861,259.00",587.00,.00
JUL 5 2016,719.00,PFCORFICOL,"23,367,500.00","32,500.00",.00
JUL 5 2016,621.00,TITAN     ,"21,424,500.00","34,500.00",.00
JUL 5 2016,"1,000,600.00",FABRICATO ,"14,908,700.00",14.90,1.36
JUL 5 2016,"151,374.00",BVC       ,"2,755,006.80",18.20,.00
JUL 5 2016,943.00,PFCARPAK  ,"2,687,550.00","2,850.00",.00
JUL 5 2016,"140,478.00",PAZRIO    ,"1,053,585.00",8.00,.00
JUL 5 2016,57.00,VILLAS    ,"325,470.00","6,140.00",.00
JUL 5 2016,17.00,VALOREM   ,"7,157.00",459.00,.00
JUL 6 2016,"1,676,457,967.00",BVC       ,"36,785,749,242.40",19.80,8.79
JUL 6 2016,"1,435,806.00",EXITO     ,"19,849,787,980.00","13,820.00",-1.29
JUL 6 2016,"696,254.00",CLH       ,"8,701,019,800.00","12,480.00",-.16
JUL 6 2016,"6,077,781.00",ECOPETROL ,"8,316,230,545.00","1,370.00",.00
JUL 6 2016,"280,026.00",PFDAVVNDA ,"7,508,429,260.00","27,000.00",1.05
JUL 6 2016,"465,894.00",ICOLCAP   ,"6,181,634,470.00","13,319.00",.52
JUL 6 2016,"435,423.00",CEMARGOS  ,"5,076,703,140.00","11,820.00",1.03
JUL 6 2016,"135,193.00",PFBCOLOM  ,"3,430,922,860.00","25,420.00",.08
JUL 6 2016,"80,983.00",GRUPOSURA ,"3,095,179,380.00","38,500.00",1.10
JUL 6 2016,"267,879.00",ISA       ,"2,398,316,610.00","9,000.00",.90
JUL 6 2016,"1,946,054.00",PFAVAL    ,"2,276,466,965.00","1,170.00",.43
JUL 6 2016,"87,674.00",NUTRESA   ,"2,188,896,660.00","25,000.00",.64
JUL 6 2016,"116,696.00",GRUPOARGOS,"2,170,546,760.00","18,600.00",.54
JUL 6 2016,"36,571.00",PFGRUPSURA,"1,381,248,920.00","37,940.00",2.21
JUL 6 2016,"100,000.00",HCOLSEL   ,"1,198,000,000.00","11,980.00",-.99
JUL 6 2016,"117,332.00",CNEC      ,"1,190,659,620.00","10,200.00",.39
JUL 6 2016,"473,211.00",PFAVH     ,"1,044,301,465.00","2,215.00",-1.12
JUL 6 2016,"14,968.00",CORFICOLCF,"564,217,120.00","37,840.00",.42
JUL 6 2016,"279,280.00",EEB       ,"497,369,500.00","1,785.00",.00
JUL 6 2016,"20,023.00",BCOLOMBIA ,"474,412,160.00","23,800.00",.85
JUL 6 2016,"36,690.00",PFCEMARGOS,"400,926,600.00","10,940.00",-.55
JUL 6 2016,"14,777.00",PFGRUPOARG,"264,061,220.00","17,900.00",.00
JUL 6 2016,"357,406.00",ETB       ,"205,970,513.00",584.00,-.51
JUL 6 2016,"53,324.00",CELSIA    ,"204,827,135.00","3,855.00",.92
JUL 6 2016,"134,973.00",ELCONDOR  ,"147,233,915.00","1,095.00",-.45
JUL 6 2016,"2,480.00",BOGOTA    ,"144,154,960.00","58,140.00",.28
JUL 6 2016,"34,570.00",CONCONCRET,"37,740,940.00","1,085.00",-.91
JUL 6 2016,"12,156.00",PFCARPAK  ,"34,166,995.00","2,785.00",-2.28
JUL 6 2016,"27,368.00",GRUPOAVAL ,"32,022,810.00","1,175.00",1.73
JUL 6 2016,"11,566.00",MINEROS   ,"30,282,370.00","2,680.00",7.41
JUL 6 2016,"101,895.00",BBVACOL   ,"27,511,650.00",270.00,-.74
JUL 6 2016,"3,759.00",PROMIGAS  ,"18,607,050.00","4,950.00",.00
JUL 6 2016,"1,418.00",COLTEJER  ,"2,261,710.00","1,600.00",.00
JUL 6 2016,63.00,PFCORFICOL,"2,047,500.00","32,500.00",.00
JUL 6 2016,"269,522.00",PAZRIO    ,"2,021,415.00",8.00,.00
JUL 6 2016,"1,086.00",FAMILIA   ,"1,238,040.00","1,140.00",.00
JUL 7 2016,"1,478,124.00",EXITO     ,"20,224,449,880.00","13,860.00",.29
JUL 7 2016,"13,660,539.00",ECOPETROL ,"18,808,593,235.00","1,355.00",-1.09
JUL 7 2016,"342,123.00",PFDAVVNDA ,"9,105,588,400.00","26,600.00",-1.48
JUL 7 2016,"768,820.00",ISA       ,"6,908,233,260.00","8,820.00",-2.00
JUL 7 2016,"5,193,255.00",PFAVAL    ,"6,050,134,585.00","1,175.00",.43
JUL 7 2016,"175,754.00",PFBCOLOM  ,"4,461,562,000.00","25,380.00",-.16
JUL 7 2016,"114,108.00",GRUPOSURA ,"4,365,168,780.00","38,040.00",-1.19
JUL 7 2016,"190,260.00",GRUPOARGOS,"3,548,844,020.00","18,600.00",.00
JUL 7 2016,"291,408.00",PFCEMARGOS,"3,169,158,120.00","10,780.00",-1.46
JUL 7 2016,"125,149.00",NUTRESA   ,"3,125,303,480.00","25,000.00",.00
JUL 7 2016,"235,576.00",CEMARGOS  ,"2,780,903,860.00","11,800.00",-.17
JUL 7 2016,"210,000.00",HCOLSEL   ,"2,533,200,000.00","12,050.00",.58
JUL 7 2016,"38,018.00",BOGOTA    ,"2,205,135,600.00","58,940.00",1.38
JUL 7 2016,"107,338,465.00",BVC       ,"2,144,066,262.90",19.50,-1.52
JUL 7 2016,"122,273.00",CLH       ,"1,532,196,500.00","12,400.00",-.64
JUL 7 2016,"446,204.00",PFAVH     ,"991,080,140.00","2,220.00",.23
JUL 7 2016,"20,764.00",PFGRUPSURA,"782,586,780.00","37,600.00",-.90
JUL 7 2016,"17,529.00",CORFICOLCF,"661,051,740.00","37,620.00",-.58
JUL 7 2016,"140,520.00",CELSIA    ,"538,706,090.00","3,850.00",-.13
JUL 7 2016,"283,166.00",EEB       ,"504,752,360.00","1,765.00",-1.12
JUL 7 2016,"850,433.00",ETB       ,"497,950,301.00",596.00,2.05
JUL 7 2016,"48,220.00",CNEC      ,"483,558,280.00","10,180.00",-.20
JUL 7 2016,"16,378.00",BCOLOMBIA ,"385,883,360.00","23,500.00",-1.26
JUL 7 2016,"11,503.00",PFGRUPOARG,"201,600,060.00","17,460.00",-2.46
JUL 7 2016,"140,000.00",ELCONDOR  ,"153,300,000.00","1,095.00",.00
JUL 7 2016,"500,000.00",BBVACOL   ,"135,000,000.00",270.00,.00
JUL 7 2016,"79,480.00",GRUPOAVAL ,"92,236,800.00","1,160.00",-1.28
JUL 7 2016,"68,479.00",CONCONCRET,"75,136,800.00","1,090.00",.46
JUL 7 2016,"1,000.00",GRUBOLIVAR,"54,300,000.00","54,300.00",.00
JUL 7 2016,"9,623.00",PROMIGAS  ,"47,568,930.00","4,910.00",-.81
JUL 7 2016,"40,046.00",PFBBVACOL ,"10,812,420.00",270.00,.00
JUL 7 2016,"1,000.00",ODINSA    ,"8,500,000.00","8,500.00",-3.41
JUL 7 2016,"11,559.00",FABRICATO ,"172,229.10",14.90,.00
JUL 7 2016,3.00,COLTEJER  ,"3,645.00","1,600.00",.00
JUL 9 2016,"1,088,155.00",PFDAVVNDA ,"28,929,358,120.00","26,400.00",-.75
JUL 9 2016,"659,491.00",EXITO     ,"9,050,430,900.00","13,800.00",-.43
JUL 9 2016,"274,799.00",PFBCOLOM  ,"6,975,396,200.00","25,320.00",-.24
JUL 9 2016,"4,773,944.00",ECOPETROL ,"6,495,870,480.00","1,350.00",-.37
JUL 9 2016,"103,983.00",GRUPOSURA ,"3,924,710,280.00","37,660.00",-1.00
JUL 9 2016,"266,759.00",CLH       ,"3,227,736,620.00","12,040.00",-2.90
JUL 9 2016,"244,872.00",ISA       ,"2,162,806,160.00","8,800.00",-.23
JUL 9 2016,"52,940.00",CORFICOLCF,"1,991,321,420.00","37,600.00",-.05
JUL 9 2016,"85,290.00",GRUPOARGOS,"1,588,930,220.00","18,580.00",-.11
JUL 9 2016,"59,720.00",BCOLOMBIA ,"1,402,937,120.00","23,500.00",.00
JUL 9 2016,"1,194,587.00",PFAVAL    ,"1,398,316,180.00","1,170.00",-.43
JUL 9 2016,"111,085.00",CNEC      ,"1,094,349,260.00","9,900.00",-2.75
JUL 9 2016,"26,694.00",NUTRESA   ,"667,047,760.00","24,840.00",-.64
JUL 9 2016,"16,815.00",PFGRUPSURA,"626,786,860.00","36,920.00",-1.81
JUL 9 2016,"201,521.00",PFAVH     ,"445,456,235.00","2,200.00",-.90
JUL 9 2016,"20,599.00",PFGRUPOARG,"365,802,020.00","17,820.00",2.06
JUL 9 2016,"32,447.00",PFCEMARGOS,"354,744,240.00","10,940.00",1.48
JUL 9 2016,"135,700.00",EEB       ,"241,244,460.00","1,780.00",.85
JUL 9 2016,"18,622.00",CEMARGOS  ,"219,669,180.00","11,820.00",.17
JUL 9 2016,"12,664.00",ICOLCAP   ,"166,424,560.50","13,140.00",-1.34
JUL 9 2016,"209,031.00",ETB       ,"122,882,353.00",589.00,-1.17
JUL 9 2016,"78,631.00",GRUPOAVAL ,"90,897,150.00","1,150.00",-.86
JUL 9 2016,"4,362,229.00",BVC       ,"82,470,895.90",18.70,-4.10
JUL 9 2016,"8,570.00",TERPEL    ,"71,988,000.00","8,400.00",-16.00
JUL 9 2016,"62,004.00",CONCONCRET,"67,664,610.00","1,090.00",.00
JUL 9 2016,"73,000.00",VALOREM   ,"32,777,000.00",449.00,-2.18
JUL 9 2016,426.00,GRUBOLIVAR,"23,004,000.00","54,000.00",-.55
JUL 9 2016,"2,843.00",MINEROS   ,"7,582,670.00","2,680.00",.00
JUL 9 2016,"440,682.00",FABRICATO ,"6,492,892.60",14.70,-1.34
JUL 9 2016,"1,265.00",CELSIA    ,"4,844,950.00","3,850.00",.00
JUL 9 2016,"12,232.00",BBVACOL   ,"3,302,640.00",270.00,.00
JUL 9 2016,479.00,PFVILLAS  ,"2,730,300.00","5,680.00",.00
JUL 9 2016,943.00,PFCARPAK  ,"2,640,400.00","2,785.00",.00
JUL 9 2016,49.00,PFVILLASCA,"156,800.00","2,700.00",.00
